"date","compname","varname","value"
2012-12-10,"MICROSOFT","PER",14.6
2012-12-11,"MICROSOFT","PER",15.3
2012-12-12,"MICROSOFT","PER",14.7
2013-12-01,"MICROSOFT","PER",14.5
2013-12-02,"MICROSOFT","PER",15.3
2013-12-03,"MICROSOFT","PER",15.3
2013-12-04,"MICROSOFT","PER",15.8
2013-12-05,"MICROSOFT","PER",16.9
2013-12-06,"MICROSOFT","PER",18.1
2013-12-07,"MICROSOFT","PER",18.5
2013-12-08,"MICROSOFT","PER",12.7
2013-12-09,"MICROSOFT","PER",12.7
2013-12-10,"MICROSOFT","PER",13.2
2013-12-11,"MICROSOFT","PER",13.9
2013-12-12,"MICROSOFT","PER",13.9
2014-12-01,"MICROSOFT","PER",13.5
2014-12-02,"MICROSOFT","PER",13.8
2014-12-03,"MICROSOFT","PER",14.1
2014-12-04,"MICROSOFT","PER",14.4
2014-12-05,"MICROSOFT","PER",15
2014-12-06,"MICROSOFT","PER",15.2
2014-12-07,"MICROSOFT","PER",15.8
2014-12-08,"MICROSOFT","PER",16.6
2014-12-09,"MICROSOFT","PER",17.8
2014-12-10,"MICROSOFT","PER",16.8
2014-12-11,"MICROSOFT","PER",19.1
2014-12-12,"MICROSOFT","PER",18.4
2015-12-01,"MICROSOFT","PER",18.3
2015-12-02,"MICROSOFT","PER",17.4
2015-12-03,"MICROSOFT","PER",16.6
2015-12-04,"MICROSOFT","PER",16.8
2015-12-05,"MICROSOFT","PER",19.7
2015-12-06,"MICROSOFT","PER",19.1
2015-12-07,"MICROSOFT","PER",18.5
2015-12-08,"MICROSOFT","PER",31.6
2015-12-09,"MICROSOFT","PER",29.4
2015-12-10,"MICROSOFT","PER",31.8
2015-12-11,"MICROSOFT","PER",35.4
2015-12-12,"MICROSOFT","PER",35.9
2016-12-01,"MICROSOFT","PER",35
2016-12-02,"MICROSOFT","PER",35.5
2016-12-03,"MICROSOFT","PER",37.3
2016-12-04,"MICROSOFT","PER",38.4
2016-12-05,"MICROSOFT","PER",39.5
2016-12-06,"MICROSOFT","PER",39.5
2016-12-07,"MICROSOFT","PER",40.8
2016-12-08,"MICROSOFT","PER",27.6
2016-12-09,"MICROSOFT","PER",27.2
2016-12-10,"MICROSOFT","PER",27.2
2012-12-10,"MICROSOFT","PRICE INDEX",30031.3
2012-12-11,"MICROSOFT","PRICE INDEX",29023.4
2012-12-12,"MICROSOFT","PRICE INDEX",28015.5
2013-12-01,"MICROSOFT","PRICE INDEX",27593.8
2013-12-02,"MICROSOFT","PRICE INDEX",28673.7
2013-12-03,"MICROSOFT","PRICE INDEX",28704.5
2013-12-04,"MICROSOFT","PRICE INDEX",29609.6
2013-12-05,"MICROSOFT","PRICE INDEX",33620.6
2013-12-06,"MICROSOFT","PRICE INDEX",35996.4
2013-12-07,"MICROSOFT","PRICE INDEX",36685.5
2013-12-08,"MICROSOFT","PRICE INDEX",33805.7
2013-12-09,"MICROSOFT","PRICE INDEX",33620.6
2013-12-10,"MICROSOFT","PRICE INDEX",35101.6
2013-12-11,"MICROSOFT","PRICE INDEX",38423.6
2013-12-12,"MICROSOFT","PRICE INDEX",38279.6
2014-12-01,"MICROSOFT","PRICE INDEX",37066
2014-12-02,"MICROSOFT","PRICE INDEX",38536.7
2014-12-03,"MICROSOFT","PRICE INDEX",39359.5
2014-12-04,"MICROSOFT","PRICE INDEX",40325.2
2014-12-05,"MICROSOFT","PRICE INDEX",41107.9
2014-12-06,"MICROSOFT","PRICE INDEX",41735.2
2014-12-07,"MICROSOFT","PRICE INDEX",43288.2
2014-12-08,"MICROSOFT","PRICE INDEX",44758.9
2014-12-09,"MICROSOFT","PRICE INDEX",48024.3
2014-12-10,"MICROSOFT","PRICE INDEX",45283.4
2014-12-11,"MICROSOFT","PRICE INDEX",50168.6
2014-12-12,"MICROSOFT","PRICE INDEX",48286.5
2015-12-01,"MICROSOFT","PRICE INDEX",47926.6
2015-12-02,"MICROSOFT","PRICE INDEX",44316.7
2015-12-03,"MICROSOFT","PRICE INDEX",42187.8
2015-12-04,"MICROSOFT","PRICE INDEX",42907.7
2015-12-05,"MICROSOFT","PRICE INDEX",48698
2015-12-06,"MICROSOFT","PRICE INDEX",47278.7
2015-12-07,"MICROSOFT","PRICE INDEX",45880
2015-12-08,"MICROSOFT","PRICE INDEX",48070.6
2015-12-09,"MICROSOFT","PRICE INDEX",44717.8
2015-12-10,"MICROSOFT","PRICE INDEX",48338
2015-12-11,"MICROSOFT","PRICE INDEX",54837.9
2015-12-12,"MICROSOFT","PRICE INDEX",55598.9
2016-12-01,"MICROSOFT","PRICE INDEX",54282.5
2016-12-02,"MICROSOFT","PRICE INDEX",51937.6
2016-12-03,"MICROSOFT","PRICE INDEX",54580.8
2016-12-04,"MICROSOFT","PRICE INDEX",56205.7
2016-12-05,"MICROSOFT","PRICE INDEX",52976.4
2016-12-06,"MICROSOFT","PRICE INDEX",52945.5
2016-12-07,"MICROSOFT","PRICE INDEX",54724.8
2016-12-08,"MICROSOFT","PRICE INDEX",59589.4
2016-12-09,"MICROSOFT","PRICE INDEX",58674.1
2016-12-10,"MICROSOFT","PRICE INDEX",58735.8
2012-12-10,"AMAZON.COM","PRICE",242.36
2012-12-11,"AMAZON.COM","PRICE",226.47
2012-12-12,"AMAZON.COM","PRICE",251.76
2013-12-01,"AMAZON.COM","PRICE",267.9399
2013-12-02,"AMAZON.COM","PRICE",258.7
2013-12-03,"AMAZON.COM","PRICE",274.1299
2013-12-04,"AMAZON.COM","PRICE",272.8699
2013-12-05,"AMAZON.COM","PRICE",263.6299
2013-12-06,"AMAZON.COM","PRICE",271.6699
2013-12-07,"AMAZON.COM","PRICE",307.5498
2013-12-08,"AMAZON.COM","PRICE",296.6899
2013-12-09,"AMAZON.COM","PRICE",298.8599
2013-12-10,"AMAZON.COM","PRICE",310.8889
2013-12-11,"AMAZON.COM","PRICE",349.5298
2013-12-12,"AMAZON.COM","PRICE",381.25
2014-12-01,"AMAZON.COM","PRICE",397.6599
2014-12-02,"AMAZON.COM","PRICE",349.25
2014-12-03,"AMAZON.COM","PRICE",370.6399
2014-12-04,"AMAZON.COM","PRICE",311.73
2014-12-05,"AMAZON.COM","PRICE",302.8599
2014-12-06,"AMAZON.COM","PRICE",325.9099
2014-12-07,"AMAZON.COM","PRICE",346.2
2014-12-08,"AMAZON.COM","PRICE",319.3198
2014-12-09,"AMAZON.COM","PRICE",331.1899
2014-12-10,"AMAZON.COM","PRICE",311.3899
2014-12-11,"AMAZON.COM","PRICE",311.51
2014-12-12,"AMAZON.COM","PRICE",307.3201
2015-12-01,"AMAZON.COM","PRICE",291.4099
2015-12-02,"AMAZON.COM","PRICE",377.1699
2015-12-03,"AMAZON.COM","PRICE",374.24
2015-12-04,"AMAZON.COM","PRICE",382.6499
2015-12-05,"AMAZON.COM","PRICE",431.02
2015-12-06,"AMAZON.COM","PRICE",429.9199
2015-12-07,"AMAZON.COM","PRICE",443.51
2015-12-08,"AMAZON.COM","PRICE",525.9099
2015-12-09,"AMAZON.COM","PRICE",529.4399
2015-12-10,"AMAZON.COM","PRICE",550.1899
2015-12-11,"AMAZON.COM","PRICE",665.6001
2015-12-12,"AMAZON.COM","PRICE",640.1499
2016-12-01,"AMAZON.COM","PRICE",617.8899
2016-12-02,"AMAZON.COM","PRICE",507.0801
2016-12-03,"AMAZON.COM","PRICE",569.6101
2016-12-04,"AMAZON.COM","PRICE",603.1699
2016-12-05,"AMAZON.COM","PRICE",717.9299
2016-12-06,"AMAZON.COM","PRICE",717.9099
2016-12-07,"AMAZON.COM","PRICE",748.21
2016-12-08,"AMAZON.COM","PRICE",772.5601
2016-12-09,"AMAZON.COM","PRICE",771.49
2016-12-10,"AMAZON.COM","PRICE",834.0901
2012-12-10,"AMAZON.COM","MARKET VALUE",109562.5
2012-12-11,"AMAZON.COM","MARKET VALUE",102379.2
2012-12-12,"AMAZON.COM","MARKET VALUE",113811.9
2013-12-01,"AMAZON.COM","MARKET VALUE",121644.7
2013-12-02,"AMAZON.COM","MARKET VALUE",117592.3
2013-12-03,"AMAZON.COM","MARKET VALUE",124606
2013-12-04,"AMAZON.COM","MARKET VALUE",124221.9
2013-12-05,"AMAZON.COM","MARKET VALUE",120015.5
2013-12-06,"AMAZON.COM","MARKET VALUE",123675.7
2013-12-07,"AMAZON.COM","MARKET VALUE",140550.2
2013-12-08,"AMAZON.COM","MARKET VALUE",135587.3
2013-12-09,"AMAZON.COM","MARKET VALUE",136578.9
2013-12-10,"AMAZON.COM","MARKET VALUE",142304.2
2013-12-11,"AMAZON.COM","MARKET VALUE",159991.4
2013-12-12,"AMAZON.COM","MARKET VALUE",174510.8
2014-12-01,"AMAZON.COM","MARKET VALUE",182525.8
2014-12-02,"AMAZON.COM","MARKET VALUE",160398.1
2014-12-03,"AMAZON.COM","MARKET VALUE",170221.7
2014-12-04,"AMAZON.COM","MARKET VALUE",143440.3
2014-12-05,"AMAZON.COM","MARKET VALUE",139366.2
2014-12-06,"AMAZON.COM","MARKET VALUE",149973.1
2014-12-07,"AMAZON.COM","MARKET VALUE",159944.4
2014-12-08,"AMAZON.COM","MARKET VALUE",147537.2
2014-12-09,"AMAZON.COM","MARKET VALUE",153021.6
2014-12-10,"AMAZON.COM","MARKET VALUE",144173.5
2014-12-11,"AMAZON.COM","MARKET VALUE",144231.1
2014-12-12,"AMAZON.COM","MARKET VALUE",142291.1
2015-12-01,"AMAZON.COM","MARKET VALUE",135505.6
2015-12-02,"AMAZON.COM","MARKET VALUE",175151.6
2015-12-03,"AMAZON.COM","MARKET VALUE",173790.9
2015-12-04,"AMAZON.COM","MARKET VALUE",177696.4
2015-12-05,"AMAZON.COM","MARKET VALUE",200717.7
2015-12-06,"AMAZON.COM","MARKET VALUE",200205.4
2015-12-07,"AMAZON.COM","MARKET VALUE",206534.1
2015-12-08,"AMAZON.COM","MARKET VALUE",245973.3
2015-12-09,"AMAZON.COM","MARKET VALUE",247624.4
2015-12-10,"AMAZON.COM","MARKET VALUE",257329.3
2015-12-11,"AMAZON.COM","MARKET VALUE",311307.8
2015-12-12,"AMAZON.COM","MARKET VALUE",299404.5
2016-12-01,"AMAZON.COM","MARKET VALUE",288993.3
2016-12-02,"AMAZON.COM","MARKET VALUE",238754.5
2016-12-03,"AMAZON.COM","MARKET VALUE",268196.3
2016-12-04,"AMAZON.COM","MARKET VALUE",284449.2
2016-12-05,"AMAZON.COM","MARKET VALUE",338739.3
2016-12-06,"AMAZON.COM","MARKET VALUE",338729.8
2016-12-07,"AMAZON.COM","MARKET VALUE",353026.3
2016-12-08,"AMAZON.COM","MARKET VALUE",366250.2
2016-12-09,"AMAZON.COM","MARKET VALUE",365742.9
2016-12-10,"AMAZON.COM","MARKET VALUE",395419.9
2012-12-10,"AMAZON.COM","DIVIDEND YIELD",0
2012-12-11,"AMAZON.COM","DIVIDEND YIELD",0
2012-12-12,"AMAZON.COM","DIVIDEND YIELD",0
2013-12-01,"AMAZON.COM","DIVIDEND YIELD",0
2013-12-02,"AMAZON.COM","DIVIDEND YIELD",0
2013-12-03,"AMAZON.COM","DIVIDEND YIELD",0
2013-12-04,"AMAZON.COM","DIVIDEND YIELD",0
2013-12-05,"AMAZON.COM","DIVIDEND YIELD",0
2013-12-06,"AMAZON.COM","DIVIDEND YIELD",0
2013-12-07,"AMAZON.COM","DIVIDEND YIELD",0
2013-12-08,"AMAZON.COM","DIVIDEND YIELD",0
2013-12-09,"AMAZON.COM","DIVIDEND YIELD",0
2013-12-10,"AMAZON.COM","DIVIDEND YIELD",0
2013-12-11,"AMAZON.COM","DIVIDEND YIELD",0
2013-12-12,"AMAZON.COM","DIVIDEND YIELD",0
2014-12-01,"AMAZON.COM","DIVIDEND YIELD",0
2014-12-02,"AMAZON.COM","DIVIDEND YIELD",0
2014-12-03,"AMAZON.COM","DIVIDEND YIELD",0
2014-12-04,"AMAZON.COM","DIVIDEND YIELD",0
2014-12-05,"AMAZON.COM","DIVIDEND YIELD",0
2014-12-06,"AMAZON.COM","DIVIDEND YIELD",0
2014-12-07,"AMAZON.COM","DIVIDEND YIELD",0
2014-12-08,"AMAZON.COM","DIVIDEND YIELD",0
2014-12-09,"AMAZON.COM","DIVIDEND YIELD",0
2014-12-10,"AMAZON.COM","DIVIDEND YIELD",0
2014-12-11,"AMAZON.COM","DIVIDEND YIELD",0
2014-12-12,"AMAZON.COM","DIVIDEND YIELD",0
2015-12-01,"AMAZON.COM","DIVIDEND YIELD",0
2015-12-02,"AMAZON.COM","DIVIDEND YIELD",0
2015-12-03,"AMAZON.COM","DIVIDEND YIELD",0
2015-12-04,"AMAZON.COM","DIVIDEND YIELD",0
2015-12-05,"AMAZON.COM","DIVIDEND YIELD",0
2015-12-06,"AMAZON.COM","DIVIDEND YIELD",0
2015-12-07,"AMAZON.COM","DIVIDEND YIELD",0
2015-12-08,"AMAZON.COM","DIVIDEND YIELD",0
2015-12-09,"AMAZON.COM","DIVIDEND YIELD",0
2015-12-10,"AMAZON.COM","DIVIDEND YIELD",0
2015-12-11,"AMAZON.COM","DIVIDEND YIELD",0
2015-12-12,"AMAZON.COM","DIVIDEND YIELD",0
2016-12-01,"AMAZON.COM","DIVIDEND YIELD",0
2016-12-02,"AMAZON.COM","DIVIDEND YIELD",0
2016-12-03,"AMAZON.COM","DIVIDEND YIELD",0
2016-12-04,"AMAZON.COM","DIVIDEND YIELD",0
2016-12-05,"AMAZON.COM","DIVIDEND YIELD",0
2016-12-06,"AMAZON.COM","DIVIDEND YIELD",0
2016-12-07,"AMAZON.COM","DIVIDEND YIELD",0
2016-12-08,"AMAZON.COM","DIVIDEND YIELD",0
2016-12-09,"AMAZON.COM","DIVIDEND YIELD",0
2016-12-10,"AMAZON.COM","DIVIDEND YIELD",0
2012-12-10,"AMAZON.COM","PER",295.6
2012-12-11,"AMAZON.COM","PER",2830.9
2012-12-12,"AMAZON.COM","PER",3147
2013-12-01,"AMAZON.COM","PER",3349.3
2013-12-02,"AMAZON.COM","PER",NA
2013-12-03,"AMAZON.COM","PER",NA
2013-12-04,"AMAZON.COM","PER",NA
2013-12-05,"AMAZON.COM","PER",NA
2013-12-06,"AMAZON.COM","PER",NA
2013-12-07,"AMAZON.COM","PER",NA
2013-12-08,"AMAZON.COM","PER",NA
2013-12-09,"AMAZON.COM","PER",NA
2013-12-10,"AMAZON.COM","PER",NA
2013-12-11,"AMAZON.COM","PER",1235.1
2013-12-12,"AMAZON.COM","PER",1347.2
2014-12-01,"AMAZON.COM","PER",1405.2
2014-12-02,"AMAZON.COM","PER",593
2014-12-03,"AMAZON.COM","PER",629.3
2014-12-04,"AMAZON.COM","PER",529.3
2014-12-05,"AMAZON.COM","PER",475.4
2014-12-06,"AMAZON.COM","PER",511.6
2014-12-07,"AMAZON.COM","PER",543.5
2014-12-08,"AMAZON.COM","PER",823
2014-12-09,"AMAZON.COM","PER",853.6
2014-12-10,"AMAZON.COM","PER",802.6
2014-12-11,"AMAZON.COM","PER",NA
2014-12-12,"AMAZON.COM","PER",NA
2015-12-01,"AMAZON.COM","PER",NA
2015-12-02,"AMAZON.COM","PER",NA
2015-12-03,"AMAZON.COM","PER",NA
2015-12-04,"AMAZON.COM","PER",NA
2015-12-05,"AMAZON.COM","PER",NA
2015-12-06,"AMAZON.COM","PER",NA
2015-12-07,"AMAZON.COM","PER",NA
2015-12-08,"AMAZON.COM","PER",NA
2015-12-09,"AMAZON.COM","PER",NA
2015-12-10,"AMAZON.COM","PER",NA
2015-12-11,"AMAZON.COM","PER",961.8
2015-12-12,"AMAZON.COM","PER",925.1
2016-12-01,"AMAZON.COM","PER",892.9
2016-12-02,"AMAZON.COM","PER",406
2016-12-03,"AMAZON.COM","PER",456.1
2016-12-04,"AMAZON.COM","PER",482.9
2016-12-05,"AMAZON.COM","PER",294.8
2016-12-06,"AMAZON.COM","PER",294.8
2016-12-07,"AMAZON.COM","PER",307.3
2016-12-08,"AMAZON.COM","PER",192.3
2016-12-09,"AMAZON.COM","PER",192
2016-12-10,"AMAZON.COM","PER",207.6
2012-12-10,"AMAZON.COM","PRICE INDEX",12375.8
2012-12-11,"AMAZON.COM","PRICE INDEX",11564.4
2012-12-12,"AMAZON.COM","PRICE INDEX",12855.8
2013-12-01,"AMAZON.COM","PRICE INDEX",13682
2013-12-02,"AMAZON.COM","PRICE INDEX",13210.2
2013-12-03,"AMAZON.COM","PRICE INDEX",13998.1
2013-12-04,"AMAZON.COM","PRICE INDEX",13933.8
2013-12-05,"AMAZON.COM","PRICE INDEX",13462
2013-12-06,"AMAZON.COM","PRICE INDEX",13872.5
2013-12-07,"AMAZON.COM","PRICE INDEX",15704.7
2013-12-08,"AMAZON.COM","PRICE INDEX",15150.1
2013-12-09,"AMAZON.COM","PRICE INDEX",15260.9
2013-12-10,"AMAZON.COM","PRICE INDEX",15875.2
2013-12-11,"AMAZON.COM","PRICE INDEX",17848.3
2013-12-12,"AMAZON.COM","PRICE INDEX",19468.1
2014-12-01,"AMAZON.COM","PRICE INDEX",20306
2014-12-02,"AMAZON.COM","PRICE INDEX",17834
2014-12-03,"AMAZON.COM","PRICE INDEX",18926.3
2014-12-04,"AMAZON.COM","PRICE INDEX",15918.1
2014-12-05,"AMAZON.COM","PRICE INDEX",15465.2
2014-12-06,"AMAZON.COM","PRICE INDEX",16642.2
2014-12-07,"AMAZON.COM","PRICE INDEX",17678.3
2014-12-08,"AMAZON.COM","PRICE INDEX",16305.7
2014-12-09,"AMAZON.COM","PRICE INDEX",16911.8
2014-12-10,"AMAZON.COM","PRICE INDEX",15900.8
2014-12-11,"AMAZON.COM","PRICE INDEX",15906.9
2014-12-12,"AMAZON.COM","PRICE INDEX",15692.9
2015-12-01,"AMAZON.COM","PRICE INDEX",14880.5
2015-12-02,"AMAZON.COM","PRICE INDEX",19259.7
2015-12-03,"AMAZON.COM","PRICE INDEX",19110.1
2015-12-04,"AMAZON.COM","PRICE INDEX",19539.6
2015-12-05,"AMAZON.COM","PRICE INDEX",22009.5
2015-12-06,"AMAZON.COM","PRICE INDEX",21953.4
2015-12-07,"AMAZON.COM","PRICE INDEX",22647.3
2015-12-08,"AMAZON.COM","PRICE INDEX",26855
2015-12-09,"AMAZON.COM","PRICE INDEX",27035.2
2015-12-10,"AMAZON.COM","PRICE INDEX",28094.8
2015-12-11,"AMAZON.COM","PRICE INDEX",33988.1
2015-12-12,"AMAZON.COM","PRICE INDEX",32688.5
2016-12-01,"AMAZON.COM","PRICE INDEX",31551.8
2016-12-02,"AMAZON.COM","PRICE INDEX",25893.5
2016-12-03,"AMAZON.COM","PRICE INDEX",29086.5
2016-12-04,"AMAZON.COM","PRICE INDEX",30800.2
2016-12-05,"AMAZON.COM","PRICE INDEX",36660.2
2016-12-06,"AMAZON.COM","PRICE INDEX",36659.2
2016-12-07,"AMAZON.COM","PRICE INDEX",38206.4
2016-12-08,"AMAZON.COM","PRICE INDEX",39449.9
2016-12-09,"AMAZON.COM","PRICE INDEX",39395.2
2016-12-10,"AMAZON.COM","PRICE INDEX",42591.8
2012-12-10,"EXXON MOBIL","PRICE",91.03
2012-12-11,"EXXON MOBIL","PRICE",87.32
2012-12-12,"EXXON MOBIL","PRICE",89.45
2013-12-01,"EXXON MOBIL","PRICE",89.61
2013-12-02,"EXXON MOBIL","PRICE",88.46
2013-12-03,"EXXON MOBIL","PRICE",89.16
2013-12-04,"EXXON MOBIL","PRICE",88.99
2013-12-05,"EXXON MOBIL","PRICE",90.14
2013-12-06,"EXXON MOBIL","PRICE",89.74
2013-12-07,"EXXON MOBIL","PRICE",93.4
2013-12-08,"EXXON MOBIL","PRICE",89.89
2013-12-09,"EXXON MOBIL","PRICE",87.98
2013-12-10,"EXXON MOBIL","PRICE",86.95
2013-12-11,"EXXON MOBIL","PRICE",92.67
2013-12-12,"EXXON MOBIL","PRICE",95.36
2014-12-01,"EXXON MOBIL","PRICE",100.52
2014-12-02,"EXXON MOBIL","PRICE",91.08
2014-12-03,"EXXON MOBIL","PRICE",94.21
2014-12-04,"EXXON MOBIL","PRICE",96.72
2014-12-05,"EXXON MOBIL","PRICE",102.23
2014-12-06,"EXXON MOBIL","PRICE",101.66
2014-12-07,"EXXON MOBIL","PRICE",101.74
2014-12-08,"EXXON MOBIL","PRICE",98.49
2014-12-09,"EXXON MOBIL","PRICE",95.78
2014-12-10,"EXXON MOBIL","PRICE",91.6
2014-12-11,"EXXON MOBIL","PRICE",95.38
2014-12-12,"EXXON MOBIL","PRICE",86.6
2015-12-01,"EXXON MOBIL","PRICE",90.33
2015-12-02,"EXXON MOBIL","PRICE",92.37
2015-12-03,"EXXON MOBIL","PRICE",84.22
2015-12-04,"EXXON MOBIL","PRICE",85.56
2015-12-05,"EXXON MOBIL","PRICE",87.02
2015-12-06,"EXXON MOBIL","PRICE",84.02
2015-12-07,"EXXON MOBIL","PRICE",82.22
2015-12-08,"EXXON MOBIL","PRICE",78.79
2015-12-09,"EXXON MOBIL","PRICE",72.69
2015-12-10,"EXXON MOBIL","PRICE",79.3
2015-12-11,"EXXON MOBIL","PRICE",79.41
2015-12-12,"EXXON MOBIL","PRICE",74.34
2016-12-01,"EXXON MOBIL","PRICE",75.2
2016-12-02,"EXXON MOBIL","PRICE",81.03
2016-12-03,"EXXON MOBIL","PRICE",82.19
2016-12-04,"EXXON MOBIL","PRICE",84.35
2016-12-05,"EXXON MOBIL","PRICE",89.67
2016-12-06,"EXXON MOBIL","PRICE",89.98
2016-12-07,"EXXON MOBIL","PRICE",94.95
2016-12-08,"EXXON MOBIL","PRICE",87.85
2016-12-09,"EXXON MOBIL","PRICE",87.29
2016-12-10,"EXXON MOBIL","PRICE",87.13
2012-12-10,"EXXON MOBIL","MARKET VALUE",415036.8
2012-12-11,"EXXON MOBIL","MARKET VALUE",398121.7
2012-12-12,"EXXON MOBIL","MARKET VALUE",407833.1
2013-12-01,"EXXON MOBIL","MARKET VALUE",403424.1
2013-12-02,"EXXON MOBIL","MARKET VALUE",396340.4
2013-12-03,"EXXON MOBIL","MARKET VALUE",398588.1
2013-12-04,"EXXON MOBIL","MARKET VALUE",395682.8
2013-12-05,"EXXON MOBIL","MARKET VALUE",400796.1
2013-12-06,"EXXON MOBIL","MARKET VALUE",399017.6
2013-12-07,"EXXON MOBIL","MARKET VALUE",411112.2
2013-12-08,"EXXON MOBIL","MARKET VALUE",395662.6
2013-12-09,"EXXON MOBIL","MARKET VALUE",387255.4
2013-12-10,"EXXON MOBIL","MARKET VALUE",379884.6
2013-12-11,"EXXON MOBIL","MARKET VALUE",404875.3
2013-12-12,"EXXON MOBIL","MARKET VALUE",416627.8
2014-12-01,"EXXON MOBIL","MARKET VALUE",435754
2014-12-02,"EXXON MOBIL","MARKET VALUE",393578.1
2014-12-03,"EXXON MOBIL","MARKET VALUE",406076.2
2014-12-04,"EXXON MOBIL","MARKET VALUE",415351.5
2014-12-05,"EXXON MOBIL","MARKET VALUE",439013.6
2014-12-06,"EXXON MOBIL","MARKET VALUE",436565.8
2014-12-07,"EXXON MOBIL","MARKET VALUE",433889.6
2014-12-08,"EXXON MOBIL","MARKET VALUE",420029.3
2014-12-09,"EXXON MOBIL","MARKET VALUE",408472.1
2014-12-10,"EXXON MOBIL","MARKET VALUE",387882.6
2014-12-11,"EXXON MOBIL","MARKET VALUE",403889.1
2014-12-12,"EXXON MOBIL","MARKET VALUE",366710
2015-12-01,"EXXON MOBIL","MARKET VALUE",379476.4
2015-12-02,"EXXON MOBIL","MARKET VALUE",387463.5
2015-12-03,"EXXON MOBIL","MARKET VALUE",352838.7
2015-12-04,"EXXON MOBIL","MARKET VALUE",357735.5
2015-12-05,"EXXON MOBIL","MARKET VALUE",363839.9
2015-12-06,"EXXON MOBIL","MARKET VALUE",351296.6
2015-12-07,"EXXON MOBIL","MARKET VALUE",342812.1
2015-12-08,"EXXON MOBIL","MARKET VALUE",328510.8
2015-12-09,"EXXON MOBIL","MARKET VALUE",303077.3
2015-12-10,"EXXON MOBIL","MARKET VALUE",330121
2015-12-11,"EXXON MOBIL","MARKET VALUE",330578.9
2015-12-12,"EXXON MOBIL","MARKET VALUE",309472.8
2016-12-01,"EXXON MOBIL","MARKET VALUE",313052.9
2016-12-02,"EXXON MOBIL","MARKET VALUE",336497.7
2016-12-03,"EXXON MOBIL","MARKET VALUE",341108.1
2016-12-04,"EXXON MOBIL","MARKET VALUE",349766.4
2016-12-05,"EXXON MOBIL","MARKET VALUE",371826.3
2016-12-06,"EXXON MOBIL","MARKET VALUE",373111.8
2016-12-07,"EXXON MOBIL","MARKET VALUE",393724.3
2016-12-08,"EXXON MOBIL","MARKET VALUE",364283.1
2016-12-09,"EXXON MOBIL","MARKET VALUE",361960.9
2016-12-10,"EXXON MOBIL","MARKET VALUE",361297.6
2012-12-10,"EXXON MOBIL","DIVIDEND YIELD",2.5
2012-12-11,"EXXON MOBIL","DIVIDEND YIELD",2.61
2012-12-12,"EXXON MOBIL","DIVIDEND YIELD",2.55
2013-12-01,"EXXON MOBIL","DIVIDEND YIELD",2.54
2013-12-02,"EXXON MOBIL","DIVIDEND YIELD",2.58
2013-12-03,"EXXON MOBIL","DIVIDEND YIELD",2.56
2013-12-04,"EXXON MOBIL","DIVIDEND YIELD",2.56
2013-12-05,"EXXON MOBIL","DIVIDEND YIELD",2.8
2013-12-06,"EXXON MOBIL","DIVIDEND YIELD",2.81
2013-12-07,"EXXON MOBIL","DIVIDEND YIELD",2.7
2013-12-08,"EXXON MOBIL","DIVIDEND YIELD",2.8
2013-12-09,"EXXON MOBIL","DIVIDEND YIELD",2.86
2013-12-10,"EXXON MOBIL","DIVIDEND YIELD",2.9
2013-12-11,"EXXON MOBIL","DIVIDEND YIELD",2.72
2013-12-12,"EXXON MOBIL","DIVIDEND YIELD",2.64
2014-12-01,"EXXON MOBIL","DIVIDEND YIELD",2.51
2014-12-02,"EXXON MOBIL","DIVIDEND YIELD",2.77
2014-12-03,"EXXON MOBIL","DIVIDEND YIELD",2.67
2014-12-04,"EXXON MOBIL","DIVIDEND YIELD",2.61
2014-12-05,"EXXON MOBIL","DIVIDEND YIELD",2.7
2014-12-06,"EXXON MOBIL","DIVIDEND YIELD",2.71
2014-12-07,"EXXON MOBIL","DIVIDEND YIELD",2.71
2014-12-08,"EXXON MOBIL","DIVIDEND YIELD",2.8
2014-12-09,"EXXON MOBIL","DIVIDEND YIELD",2.88
2014-12-10,"EXXON MOBIL","DIVIDEND YIELD",3.01
2014-12-11,"EXXON MOBIL","DIVIDEND YIELD",2.89
2014-12-12,"EXXON MOBIL","DIVIDEND YIELD",3.19
2015-12-01,"EXXON MOBIL","DIVIDEND YIELD",3.06
2015-12-02,"EXXON MOBIL","DIVIDEND YIELD",2.99
2015-12-03,"EXXON MOBIL","DIVIDEND YIELD",3.28
2015-12-04,"EXXON MOBIL","DIVIDEND YIELD",3.23
2015-12-05,"EXXON MOBIL","DIVIDEND YIELD",3.36
2015-12-06,"EXXON MOBIL","DIVIDEND YIELD",3.48
2015-12-07,"EXXON MOBIL","DIVIDEND YIELD",3.55
2015-12-08,"EXXON MOBIL","DIVIDEND YIELD",3.71
2015-12-09,"EXXON MOBIL","DIVIDEND YIELD",4.02
2015-12-10,"EXXON MOBIL","DIVIDEND YIELD",3.68
2015-12-11,"EXXON MOBIL","DIVIDEND YIELD",3.68
2015-12-12,"EXXON MOBIL","DIVIDEND YIELD",3.93
2016-12-01,"EXXON MOBIL","DIVIDEND YIELD",3.88
2016-12-02,"EXXON MOBIL","DIVIDEND YIELD",3.6
2016-12-03,"EXXON MOBIL","DIVIDEND YIELD",3.55
2016-12-04,"EXXON MOBIL","DIVIDEND YIELD",3.46
2016-12-05,"EXXON MOBIL","DIVIDEND YIELD",3.35
2016-12-06,"EXXON MOBIL","DIVIDEND YIELD",3.33
2016-12-07,"EXXON MOBIL","DIVIDEND YIELD",3.16
2016-12-08,"EXXON MOBIL","DIVIDEND YIELD",3.41
2016-12-09,"EXXON MOBIL","DIVIDEND YIELD",3.44
2016-12-10,"EXXON MOBIL","DIVIDEND YIELD",3.44
2012-12-10,"APPLE","PRICE",89.959
2012-12-11,"APPLE","PRICE",77.5471
2012-12-12,"APPLE","PRICE",77
2013-12-01,"APPLE","PRICE",74.3285
2013-12-02,"APPLE","PRICE",66.8428
2013-12-03,"APPLE","PRICE",61.2043
2013-12-04,"APPLE","PRICE",61.4
2013-12-05,"APPLE","PRICE",64.71
2013-12-06,"APPLE","PRICE",61.7414
2013-12-07,"APPLE","PRICE",60.93
2013-12-08,"APPLE","PRICE",66.7657
2013-12-09,"APPLE","PRICE",67.5271
2013-12-10,"APPLE","PRICE",70.4017
2013-12-11,"APPLE","PRICE",74.2871
2013-12-12,"APPLE","PRICE",80.0771
2014-12-01,"APPLE","PRICE",76.1343
2014-12-02,"APPLE","PRICE",76.56
2014-12-03,"APPLE","PRICE",76.6585
2014-12-04,"APPLE","PRICE",74.23
2014-12-05,"APPLE","PRICE",84.6899
2014-12-06,"APPLE","PRICE",92.29
2014-12-07,"APPLE","PRICE",95.22
2014-12-08,"APPLE","PRICE",95.97
2014-12-09,"APPLE","PRICE",101.66
2014-12-10,"APPLE","PRICE",100.73
2014-12-11,"APPLE","PRICE",111.25
2014-12-12,"APPLE","PRICE",109.73
2015-12-01,"APPLE","PRICE",109.25
2015-12-02,"APPLE","PRICE",126.46
2015-12-03,"APPLE","PRICE",124.45
2015-12-04,"APPLE","PRICE",127.1
2015-12-05,"APPLE","PRICE",125.865
2015-12-06,"APPLE","PRICE",127.17
2015-12-07,"APPLE","PRICE",123.28
2015-12-08,"APPLE","PRICE",115.24
2015-12-09,"APPLE","PRICE",114.21
2015-12-10,"APPLE","PRICE",111.6
2015-12-11,"APPLE","PRICE",115.72
2015-12-12,"APPLE","PRICE",113.18
2016-12-01,"APPLE","PRICE",99.96
2016-12-02,"APPLE","PRICE",93.99
2016-12-03,"APPLE","PRICE",102.26
2016-12-04,"APPLE","PRICE",110.44
2016-12-05,"APPLE","PRICE",90.34
2016-12-06,"APPLE","PRICE",98.83
2016-12-07,"APPLE","PRICE",97.42
2016-12-08,"APPLE","PRICE",108.18
2016-12-09,"APPLE","PRICE",105.44
2016-12-10,"APPLE","PRICE",117.34
2012-12-10,"EXXON MOBIL","PER",9.6
2012-12-11,"EXXON MOBIL","PER",9.2
2012-12-12,"EXXON MOBIL","PER",9.4
2013-12-01,"EXXON MOBIL","PER",9.5
2013-12-02,"EXXON MOBIL","PER",9.1
2013-12-03,"EXXON MOBIL","PER",9.2
2013-12-04,"EXXON MOBIL","PER",9.2
2013-12-05,"EXXON MOBIL","PER",9.3
2013-12-06,"EXXON MOBIL","PER",9.1
2013-12-07,"EXXON MOBIL","PER",9.5
2013-12-08,"EXXON MOBIL","PER",11.3
2013-12-09,"EXXON MOBIL","PER",11.1
2013-12-10,"EXXON MOBIL","PER",10.9
2013-12-11,"EXXON MOBIL","PER",12.1
2013-12-12,"EXXON MOBIL","PER",12.5
2014-12-01,"EXXON MOBIL","PER",13.1
2014-12-02,"EXXON MOBIL","PER",12.4
2014-12-03,"EXXON MOBIL","PER",12.8
2014-12-04,"EXXON MOBIL","PER",13.1
2014-12-05,"EXXON MOBIL","PER",13.9
2014-12-06,"EXXON MOBIL","PER",13.8
2014-12-07,"EXXON MOBIL","PER",13.8
2014-12-08,"EXXON MOBIL","PER",12.5
2014-12-09,"EXXON MOBIL","PER",12.2
2014-12-10,"EXXON MOBIL","PER",11.7
2014-12-11,"EXXON MOBIL","PER",12
2014-12-12,"EXXON MOBIL","PER",10.9
2015-12-01,"EXXON MOBIL","PER",11.4
2015-12-02,"EXXON MOBIL","PER",12.2
2015-12-03,"EXXON MOBIL","PER",11.1
2015-12-04,"EXXON MOBIL","PER",11.3
2015-12-05,"EXXON MOBIL","PER",13.1
2015-12-06,"EXXON MOBIL","PER",12.6
2015-12-07,"EXXON MOBIL","PER",12.3
2015-12-08,"EXXON MOBIL","PER",14
2015-12-09,"EXXON MOBIL","PER",12.9
2015-12-10,"EXXON MOBIL","PER",14.1
2015-12-11,"EXXON MOBIL","PER",16.8
2015-12-12,"EXXON MOBIL","PER",15.7
2016-12-01,"EXXON MOBIL","PER",15.9
2016-12-02,"EXXON MOBIL","PER",21.1
2016-12-03,"EXXON MOBIL","PER",21.4
2016-12-04,"EXXON MOBIL","PER",21.9
2016-12-05,"EXXON MOBIL","PER",28.9
2016-12-06,"EXXON MOBIL","PER",29
2016-12-07,"EXXON MOBIL","PER",30.6
2016-12-08,"EXXON MOBIL","PER",34.9
2016-12-09,"EXXON MOBIL","PER",34.7
2016-12-10,"EXXON MOBIL","PER",34.6
2012-12-10,"EXXON MOBIL","PRICE INDEX",3310.2
2012-12-11,"EXXON MOBIL","PRICE INDEX",3175.3
2012-12-12,"EXXON MOBIL","PRICE INDEX",3252.7
2013-12-01,"EXXON MOBIL","PRICE INDEX",3258.5
2013-12-02,"EXXON MOBIL","PRICE INDEX",3216.7
2013-12-03,"EXXON MOBIL","PRICE INDEX",3242.2
2013-12-04,"EXXON MOBIL","PRICE INDEX",3236
2013-12-05,"EXXON MOBIL","PRICE INDEX",3277.8
2013-12-06,"EXXON MOBIL","PRICE INDEX",3263.3
2013-12-07,"EXXON MOBIL","PRICE INDEX",3396.4
2013-12-08,"EXXON MOBIL","PRICE INDEX",3268.7
2013-12-09,"EXXON MOBIL","PRICE INDEX",3199.3
2013-12-10,"EXXON MOBIL","PRICE INDEX",3161.8
2013-12-11,"EXXON MOBIL","PRICE INDEX",3369.8
2013-12-12,"EXXON MOBIL","PRICE INDEX",3467.6
2014-12-01,"EXXON MOBIL","PRICE INDEX",3655.3
2014-12-02,"EXXON MOBIL","PRICE INDEX",3312
2014-12-03,"EXXON MOBIL","PRICE INDEX",3425.8
2014-12-04,"EXXON MOBIL","PRICE INDEX",3517.1
2014-12-05,"EXXON MOBIL","PRICE INDEX",3717.5
2014-12-06,"EXXON MOBIL","PRICE INDEX",3696.7
2014-12-07,"EXXON MOBIL","PRICE INDEX",3699.6
2014-12-08,"EXXON MOBIL","PRICE INDEX",3581.5
2014-12-09,"EXXON MOBIL","PRICE INDEX",3482.9
2014-12-10,"EXXON MOBIL","PRICE INDEX",3330.9
2014-12-11,"EXXON MOBIL","PRICE INDEX",3468.4
2014-12-12,"EXXON MOBIL","PRICE INDEX",3149.1
2015-12-01,"EXXON MOBIL","PRICE INDEX",3284.7
2015-12-02,"EXXON MOBIL","PRICE INDEX",3358.9
2015-12-03,"EXXON MOBIL","PRICE INDEX",3062.5
2015-12-04,"EXXON MOBIL","PRICE INDEX",3111.3
2015-12-05,"EXXON MOBIL","PRICE INDEX",3164.4
2015-12-06,"EXXON MOBIL","PRICE INDEX",3055.3
2015-12-07,"EXXON MOBIL","PRICE INDEX",2989.8
2015-12-08,"EXXON MOBIL","PRICE INDEX",2865.1
2015-12-09,"EXXON MOBIL","PRICE INDEX",2643.3
2015-12-10,"EXXON MOBIL","PRICE INDEX",2883.6
2015-12-11,"EXXON MOBIL","PRICE INDEX",2887.6
2015-12-12,"EXXON MOBIL","PRICE INDEX",2703.3
2016-12-01,"EXXON MOBIL","PRICE INDEX",2734.5
2016-12-02,"EXXON MOBIL","PRICE INDEX",2946.5
2016-12-03,"EXXON MOBIL","PRICE INDEX",2988.7
2016-12-04,"EXXON MOBIL","PRICE INDEX",3067.3
2016-12-05,"EXXON MOBIL","PRICE INDEX",3260.7
2016-12-06,"EXXON MOBIL","PRICE INDEX",3272
2016-12-07,"EXXON MOBIL","PRICE INDEX",3452.7
2016-12-08,"EXXON MOBIL","PRICE INDEX",3194.5
2016-12-09,"EXXON MOBIL","PRICE INDEX",3174.2
2016-12-10,"EXXON MOBIL","PRICE INDEX",3168.4
2012-12-10,"JOHNSON & JOHNSON","PRICE",67.97
2012-12-11,"JOHNSON & JOHNSON","PRICE",69.68
2012-12-12,"JOHNSON & JOHNSON","PRICE",70.96
2013-12-01,"JOHNSON & JOHNSON","PRICE",72.35
2013-12-02,"JOHNSON & JOHNSON","PRICE",75.8
2013-12-03,"JOHNSON & JOHNSON","PRICE",78.56
2013-12-04,"JOHNSON & JOHNSON","PRICE",82.74
2013-12-05,"JOHNSON & JOHNSON","PRICE",85.76
2013-12-06,"JOHNSON & JOHNSON","PRICE",83.74
2013-12-07,"JOHNSON & JOHNSON","PRICE",89.99
2013-12-08,"JOHNSON & JOHNSON","PRICE",92
2013-12-09,"JOHNSON & JOHNSON","PRICE",89.01
2013-12-10,"JOHNSON & JOHNSON","PRICE",89.45
2013-12-11,"JOHNSON & JOHNSON","PRICE",93.56
2013-12-12,"JOHNSON & JOHNSON","PRICE",91.16
2014-12-01,"JOHNSON & JOHNSON","PRICE",94.74
2014-12-02,"JOHNSON & JOHNSON","PRICE",92.42
2014-12-03,"JOHNSON & JOHNSON","PRICE",93.6
2014-12-04,"JOHNSON & JOHNSON","PRICE",96.87
2014-12-05,"JOHNSON & JOHNSON","PRICE",100.52
2014-12-06,"JOHNSON & JOHNSON","PRICE",102.53
2014-12-07,"JOHNSON & JOHNSON","PRICE",105.1
2014-12-08,"JOHNSON & JOHNSON","PRICE",100.63
2014-12-09,"JOHNSON & JOHNSON","PRICE",104.58
2014-12-10,"JOHNSON & JOHNSON","PRICE",101.23
2014-12-11,"JOHNSON & JOHNSON","PRICE",108.75
2014-12-12,"JOHNSON & JOHNSON","PRICE",104.43
2015-12-01,"JOHNSON & JOHNSON","PRICE",104.58
2015-12-02,"JOHNSON & JOHNSON","PRICE",98.44
2015-12-03,"JOHNSON & JOHNSON","PRICE",99.83
2015-12-04,"JOHNSON & JOHNSON","PRICE",102.06
2015-12-05,"JOHNSON & JOHNSON","PRICE",100.47
2015-12-06,"JOHNSON & JOHNSON","PRICE",98.35
2015-12-07,"JOHNSON & JOHNSON","PRICE",99.53
2015-12-08,"JOHNSON & JOHNSON","PRICE",98.71
2015-12-09,"JOHNSON & JOHNSON","PRICE",92.93
2015-12-10,"JOHNSON & JOHNSON","PRICE",95.99
2015-12-11,"JOHNSON & JOHNSON","PRICE",100.27
2015-12-12,"JOHNSON & JOHNSON","PRICE",101.68
2016-12-01,"JOHNSON & JOHNSON","PRICE",98.24
2016-12-02,"JOHNSON & JOHNSON","PRICE",101.82
2016-12-03,"JOHNSON & JOHNSON","PRICE",107.71
2016-12-04,"JOHNSON & JOHNSON","PRICE",109.6
2016-12-05,"JOHNSON & JOHNSON","PRICE",114.23
2016-12-06,"JOHNSON & JOHNSON","PRICE",117.01
2016-12-07,"JOHNSON & JOHNSON","PRICE",122.92
2016-12-08,"JOHNSON & JOHNSON","PRICE",123.22
2016-12-09,"JOHNSON & JOHNSON","PRICE",119.16
2016-12-10,"JOHNSON & JOHNSON","PRICE",117.97
2012-12-10,"JOHNSON & JOHNSON","MARKET VALUE",187395.9
2012-12-11,"JOHNSON & JOHNSON","MARKET VALUE",193101.3
2012-12-12,"JOHNSON & JOHNSON","MARKET VALUE",196648.4
2013-12-01,"JOHNSON & JOHNSON","MARKET VALUE",200500.5
2013-12-02,"JOHNSON & JOHNSON","MARKET VALUE",210061.3
2013-12-03,"JOHNSON & JOHNSON","MARKET VALUE",219735.1
2013-12-04,"JOHNSON & JOHNSON","MARKET VALUE",231426.6
2013-12-05,"JOHNSON & JOHNSON","MARKET VALUE",240890
2013-12-06,"JOHNSON & JOHNSON","MARKET VALUE",235216
2013-12-07,"JOHNSON & JOHNSON","MARKET VALUE",252771.6
2013-12-08,"JOHNSON & JOHNSON","MARKET VALUE",259262.5
2013-12-09,"JOHNSON & JOHNSON","MARKET VALUE",250836.4
2013-12-10,"JOHNSON & JOHNSON","MARKET VALUE",252076.4
2013-12-11,"JOHNSON & JOHNSON","MARKET VALUE",263973.6
2013-12-12,"JOHNSON & JOHNSON","MARKET VALUE",257202.1
2014-12-01,"JOHNSON & JOHNSON","MARKET VALUE",267302.9
2014-12-02,"JOHNSON & JOHNSON","MARKET VALUE",260757.2
2014-12-03,"JOHNSON & JOHNSON","MARKET VALUE",264731.1
2014-12-04,"JOHNSON & JOHNSON","MARKET VALUE",273979.6
2014-12-05,"JOHNSON & JOHNSON","MARKET VALUE",284380.8
2014-12-06,"JOHNSON & JOHNSON","MARKET VALUE",290067.3
2014-12-07,"JOHNSON & JOHNSON","MARKET VALUE",296655.1
2014-12-08,"JOHNSON & JOHNSON","MARKET VALUE",283805.3
2014-12-09,"JOHNSON & JOHNSON","MARKET VALUE",294945.4
2014-12-10,"JOHNSON & JOHNSON","MARKET VALUE",285497.4
2014-12-11,"JOHNSON & JOHNSON","MARKET VALUE",304403.1
2014-12-12,"JOHNSON & JOHNSON","MARKET VALUE",292310.9
2015-12-01,"JOHNSON & JOHNSON","MARKET VALUE",292730.8
2015-12-02,"JOHNSON & JOHNSON","MARKET VALUE",275544.3
2015-12-03,"JOHNSON & JOHNSON","MARKET VALUE",277582.9
2015-12-04,"JOHNSON & JOHNSON","MARKET VALUE",283783.6
2015-12-05,"JOHNSON & JOHNSON","MARKET VALUE",278607.6
2015-12-06,"JOHNSON & JOHNSON","MARKET VALUE",272728.8
2015-12-07,"JOHNSON & JOHNSON","MARKET VALUE",276000.9
2015-12-08,"JOHNSON & JOHNSON","MARKET VALUE",273338.4
2015-12-09,"JOHNSON & JOHNSON","MARKET VALUE",257332.9
2015-12-10,"JOHNSON & JOHNSON","MARKET VALUE",265806.4
2015-12-11,"JOHNSON & JOHNSON","MARKET VALUE",277441.3
2015-12-12,"JOHNSON & JOHNSON","MARKET VALUE",281342.7
2016-12-01,"JOHNSON & JOHNSON","MARKET VALUE",271824.4
2016-12-02,"JOHNSON & JOHNSON","MARKET VALUE",281730.1
2016-12-03,"JOHNSON & JOHNSON","MARKET VALUE",297101.2
2016-12-04,"JOHNSON & JOHNSON","MARKET VALUE",302314.4
2016-12-05,"JOHNSON & JOHNSON","MARKET VALUE",314205.9
2016-12-06,"JOHNSON & JOHNSON","MARKET VALUE",321852.7
2016-12-07,"JOHNSON & JOHNSON","MARKET VALUE",338109
2016-12-08,"JOHNSON & JOHNSON","MARKET VALUE",337114.4
2016-12-09,"JOHNSON & JOHNSON","MARKET VALUE",326006.8
2016-12-10,"JOHNSON & JOHNSON","MARKET VALUE",322751.1
2012-12-10,"JOHNSON & JOHNSON","DIVIDEND YIELD",3.59
2012-12-11,"JOHNSON & JOHNSON","DIVIDEND YIELD",3.5
2012-12-12,"JOHNSON & JOHNSON","DIVIDEND YIELD",3.44
2013-12-01,"JOHNSON & JOHNSON","DIVIDEND YIELD",3.37
2013-12-02,"JOHNSON & JOHNSON","DIVIDEND YIELD",3.22
2013-12-03,"JOHNSON & JOHNSON","DIVIDEND YIELD",3.11
2013-12-04,"JOHNSON & JOHNSON","DIVIDEND YIELD",2.95
2013-12-05,"JOHNSON & JOHNSON","DIVIDEND YIELD",3.08
2013-12-06,"JOHNSON & JOHNSON","DIVIDEND YIELD",3.15
2013-12-07,"JOHNSON & JOHNSON","DIVIDEND YIELD",2.93
2013-12-08,"JOHNSON & JOHNSON","DIVIDEND YIELD",2.87
2013-12-09,"JOHNSON & JOHNSON","DIVIDEND YIELD",2.97
2013-12-10,"JOHNSON & JOHNSON","DIVIDEND YIELD",2.95
2013-12-11,"JOHNSON & JOHNSON","DIVIDEND YIELD",2.82
2013-12-12,"JOHNSON & JOHNSON","DIVIDEND YIELD",2.9
2014-12-01,"JOHNSON & JOHNSON","DIVIDEND YIELD",2.79
2014-12-02,"JOHNSON & JOHNSON","DIVIDEND YIELD",2.86
2014-12-03,"JOHNSON & JOHNSON","DIVIDEND YIELD",2.82
2014-12-04,"JOHNSON & JOHNSON","DIVIDEND YIELD",2.73
2014-12-05,"JOHNSON & JOHNSON","DIVIDEND YIELD",2.79
2014-12-06,"JOHNSON & JOHNSON","DIVIDEND YIELD",2.73
2014-12-07,"JOHNSON & JOHNSON","DIVIDEND YIELD",2.66
2014-12-08,"JOHNSON & JOHNSON","DIVIDEND YIELD",2.78
2014-12-09,"JOHNSON & JOHNSON","DIVIDEND YIELD",2.68
2014-12-10,"JOHNSON & JOHNSON","DIVIDEND YIELD",2.77
2014-12-11,"JOHNSON & JOHNSON","DIVIDEND YIELD",2.57
2014-12-12,"JOHNSON & JOHNSON","DIVIDEND YIELD",2.68
2015-12-01,"JOHNSON & JOHNSON","DIVIDEND YIELD",2.68
2015-12-02,"JOHNSON & JOHNSON","DIVIDEND YIELD",2.84
2015-12-03,"JOHNSON & JOHNSON","DIVIDEND YIELD",2.8
2015-12-04,"JOHNSON & JOHNSON","DIVIDEND YIELD",2.74
2015-12-05,"JOHNSON & JOHNSON","DIVIDEND YIELD",2.99
2015-12-06,"JOHNSON & JOHNSON","DIVIDEND YIELD",3.05
2015-12-07,"JOHNSON & JOHNSON","DIVIDEND YIELD",3.01
2015-12-08,"JOHNSON & JOHNSON","DIVIDEND YIELD",3.04
2015-12-09,"JOHNSON & JOHNSON","DIVIDEND YIELD",3.23
2015-12-10,"JOHNSON & JOHNSON","DIVIDEND YIELD",3.13
2015-12-11,"JOHNSON & JOHNSON","DIVIDEND YIELD",2.99
2015-12-12,"JOHNSON & JOHNSON","DIVIDEND YIELD",2.95
2016-12-01,"JOHNSON & JOHNSON","DIVIDEND YIELD",3.05
2016-12-02,"JOHNSON & JOHNSON","DIVIDEND YIELD",2.95
2016-12-03,"JOHNSON & JOHNSON","DIVIDEND YIELD",2.79
2016-12-04,"JOHNSON & JOHNSON","DIVIDEND YIELD",2.74
2016-12-05,"JOHNSON & JOHNSON","DIVIDEND YIELD",2.8
2016-12-06,"JOHNSON & JOHNSON","DIVIDEND YIELD",2.73
2016-12-07,"JOHNSON & JOHNSON","DIVIDEND YIELD",2.6
2016-12-08,"JOHNSON & JOHNSON","DIVIDEND YIELD",2.6
2016-12-09,"JOHNSON & JOHNSON","DIVIDEND YIELD",2.69
2016-12-10,"JOHNSON & JOHNSON","DIVIDEND YIELD",2.71
2012-12-10,"JOHNSON & JOHNSON","PER",21.6
2012-12-11,"JOHNSON & JOHNSON","PER",22.9
2012-12-12,"JOHNSON & JOHNSON","PER",23.3
2013-12-01,"JOHNSON & JOHNSON","PER",23.8
2013-12-02,"JOHNSON & JOHNSON","PER",19.6
2013-12-03,"JOHNSON & JOHNSON","PER",20.4
2013-12-04,"JOHNSON & JOHNSON","PER",21.4
2013-12-05,"JOHNSON & JOHNSON","PER",23.3
2013-12-06,"JOHNSON & JOHNSON","PER",22.8
2013-12-07,"JOHNSON & JOHNSON","PER",24.5
2013-12-08,"JOHNSON & JOHNSON","PER",20.4
2013-12-09,"JOHNSON & JOHNSON","PER",19.8
2013-12-10,"JOHNSON & JOHNSON","PER",19.9
2013-12-11,"JOHNSON & JOHNSON","PER",20.8
2013-12-12,"JOHNSON & JOHNSON","PER",20.3
2014-12-01,"JOHNSON & JOHNSON","PER",21.1
2014-12-02,"JOHNSON & JOHNSON","PER",19.2
2014-12-03,"JOHNSON & JOHNSON","PER",19.5
2014-12-04,"JOHNSON & JOHNSON","PER",20.2
2014-12-05,"JOHNSON & JOHNSON","PER",19.2
2014-12-06,"JOHNSON & JOHNSON","PER",19.6
2014-12-07,"JOHNSON & JOHNSON","PER",20.1
2014-12-08,"JOHNSON & JOHNSON","PER",18.6
2014-12-09,"JOHNSON & JOHNSON","PER",19.3
2014-12-10,"JOHNSON & JOHNSON","PER",18.7
2014-12-11,"JOHNSON & JOHNSON","PER",18
2014-12-12,"JOHNSON & JOHNSON","PER",17.3
2015-12-01,"JOHNSON & JOHNSON","PER",17.3
2015-12-02,"JOHNSON & JOHNSON","PER",17.3
2015-12-03,"JOHNSON & JOHNSON","PER",17.5
2015-12-04,"JOHNSON & JOHNSON","PER",17.9
2015-12-05,"JOHNSON & JOHNSON","PER",18
2015-12-06,"JOHNSON & JOHNSON","PER",17.6
2015-12-07,"JOHNSON & JOHNSON","PER",17.8
2015-12-08,"JOHNSON & JOHNSON","PER",17.4
2015-12-09,"JOHNSON & JOHNSON","PER",16.4
2015-12-10,"JOHNSON & JOHNSON","PER",16.9
2015-12-11,"JOHNSON & JOHNSON","PER",19.2
2015-12-12,"JOHNSON & JOHNSON","PER",19.5
2016-12-01,"JOHNSON & JOHNSON","PER",18.8
2016-12-02,"JOHNSON & JOHNSON","PER",18.6
2016-12-03,"JOHNSON & JOHNSON","PER",19.7
2016-12-04,"JOHNSON & JOHNSON","PER",20
2016-12-05,"JOHNSON & JOHNSON","PER",20.8
2016-12-06,"JOHNSON & JOHNSON","PER",21.3
2016-12-07,"JOHNSON & JOHNSON","PER",22.4
2016-12-08,"JOHNSON & JOHNSON","PER",23
2016-12-09,"JOHNSON & JOHNSON","PER",22.2
2016-12-10,"JOHNSON & JOHNSON","PER",22
2012-12-10,"JOHNSON & JOHNSON","PRICE INDEX",2539
2012-12-11,"JOHNSON & JOHNSON","PRICE INDEX",2602.8
2012-12-12,"JOHNSON & JOHNSON","PRICE INDEX",2650.6
2013-12-01,"JOHNSON & JOHNSON","PRICE INDEX",2702.6
2013-12-02,"JOHNSON & JOHNSON","PRICE INDEX",2831.4
2013-12-03,"JOHNSON & JOHNSON","PRICE INDEX",2934.5
2013-12-04,"JOHNSON & JOHNSON","PRICE INDEX",3090.7
2013-12-05,"JOHNSON & JOHNSON","PRICE INDEX",3203.5
2013-12-06,"JOHNSON & JOHNSON","PRICE INDEX",3128
2013-12-07,"JOHNSON & JOHNSON","PRICE INDEX",3361.5
2013-12-08,"JOHNSON & JOHNSON","PRICE INDEX",3436.6
2013-12-09,"JOHNSON & JOHNSON","PRICE INDEX",3324.9
2013-12-10,"JOHNSON & JOHNSON","PRICE INDEX",3341.3
2013-12-11,"JOHNSON & JOHNSON","PRICE INDEX",3494.8
2013-12-12,"JOHNSON & JOHNSON","PRICE INDEX",3405.2
2014-12-01,"JOHNSON & JOHNSON","PRICE INDEX",3538.9
2014-12-02,"JOHNSON & JOHNSON","PRICE INDEX",3452.3
2014-12-03,"JOHNSON & JOHNSON","PRICE INDEX",3496.3
2014-12-04,"JOHNSON & JOHNSON","PRICE INDEX",3618.5
2014-12-05,"JOHNSON & JOHNSON","PRICE INDEX",3754.8
2014-12-06,"JOHNSON & JOHNSON","PRICE INDEX",3829.9
2014-12-07,"JOHNSON & JOHNSON","PRICE INDEX",3925.9
2014-12-08,"JOHNSON & JOHNSON","PRICE INDEX",3758.9
2014-12-09,"JOHNSON & JOHNSON","PRICE INDEX",3906.5
2014-12-10,"JOHNSON & JOHNSON","PRICE INDEX",3781.4
2014-12-11,"JOHNSON & JOHNSON","PRICE INDEX",4062.3
2014-12-12,"JOHNSON & JOHNSON","PRICE INDEX",3900.9
2015-12-01,"JOHNSON & JOHNSON","PRICE INDEX",3906.5
2015-12-02,"JOHNSON & JOHNSON","PRICE INDEX",3677.1
2015-12-03,"JOHNSON & JOHNSON","PRICE INDEX",3729.1
2015-12-04,"JOHNSON & JOHNSON","PRICE INDEX",3812.4
2015-12-05,"JOHNSON & JOHNSON","PRICE INDEX",3753
2015-12-06,"JOHNSON & JOHNSON","PRICE INDEX",3673.8
2015-12-07,"JOHNSON & JOHNSON","PRICE INDEX",3717.9
2015-12-08,"JOHNSON & JOHNSON","PRICE INDEX",3687.2
2015-12-09,"JOHNSON & JOHNSON","PRICE INDEX",3471.3
2015-12-10,"JOHNSON & JOHNSON","PRICE INDEX",3585.6
2015-12-11,"JOHNSON & JOHNSON","PRICE INDEX",3745.5
2015-12-12,"JOHNSON & JOHNSON","PRICE INDEX",3798.2
2016-12-01,"JOHNSON & JOHNSON","PRICE INDEX",3669.7
2016-12-02,"JOHNSON & JOHNSON","PRICE INDEX",3803.4
2016-12-03,"JOHNSON & JOHNSON","PRICE INDEX",4023.4
2016-12-04,"JOHNSON & JOHNSON","PRICE INDEX",4094
2016-12-05,"JOHNSON & JOHNSON","PRICE INDEX",4267
2016-12-06,"JOHNSON & JOHNSON","PRICE INDEX",4370.8
2016-12-07,"JOHNSON & JOHNSON","PRICE INDEX",4591.6
2016-12-08,"JOHNSON & JOHNSON","PRICE INDEX",4602.8
2016-12-09,"JOHNSON & JOHNSON","PRICE INDEX",4451.1
2016-12-10,"JOHNSON & JOHNSON","PRICE INDEX",4406.7
2012-12-10,"FACEBOOK CLASS A","PRICE",19.5181
2012-12-11,"FACEBOOK CLASS A","PRICE",20.07
2012-12-12,"FACEBOOK CLASS A","PRICE",27.5801
2013-12-01,"FACEBOOK CLASS A","PRICE",31.72
2013-12-02,"FACEBOOK CLASS A","PRICE",27.37
2013-12-03,"FACEBOOK CLASS A","PRICE",27.83
2013-12-04,"FACEBOOK CLASS A","PRICE",27.4
2013-12-05,"FACEBOOK CLASS A","PRICE",26.68
2013-12-06,"FACEBOOK CLASS A","PRICE",23.77
2013-12-07,"FACEBOOK CLASS A","PRICE",25.91
2013-12-08,"FACEBOOK CLASS A","PRICE",38.22
2013-12-09,"FACEBOOK CLASS A","PRICE",44.75
2013-12-10,"FACEBOOK CLASS A","PRICE",49.11
2013-12-11,"FACEBOOK CLASS A","PRICE",46.605
2013-12-12,"FACEBOOK CLASS A","PRICE",51.83
2014-12-01,"FACEBOOK CLASS A","PRICE",57.94
2014-12-02,"FACEBOOK CLASS A","PRICE",64.45
2014-12-03,"FACEBOOK CLASS A","PRICE",70.8799
2014-12-04,"FACEBOOK CLASS A","PRICE",58.53
2014-12-05,"FACEBOOK CLASS A","PRICE",59.83
2014-12-06,"FACEBOOK CLASS A","PRICE",64.2901
2014-12-07,"FACEBOOK CLASS A","PRICE",66.34
2014-12-08,"FACEBOOK CLASS A","PRICE",72.83
2014-12-09,"FACEBOOK CLASS A","PRICE",77.48
2014-12-10,"FACEBOOK CLASS A","PRICE",72.91
2014-12-11,"FACEBOOK CLASS A","PRICE",74.72
2014-12-12,"FACEBOOK CLASS A","PRICE",77.83
2015-12-01,"FACEBOOK CLASS A","PRICE",76.72
2015-12-02,"FACEBOOK CLASS A","PRICE",76.23
2015-12-03,"FACEBOOK CLASS A","PRICE",78.93
2015-12-04,"FACEBOOK CLASS A","PRICE",82.04
2015-12-05,"FACEBOOK CLASS A","PRICE",77.46
2015-12-06,"FACEBOOK CLASS A","PRICE",81.53
2015-12-07,"FACEBOOK CLASS A","PRICE",87.95
2015-12-08,"FACEBOOK CLASS A","PRICE",94.19
2015-12-09,"FACEBOOK CLASS A","PRICE",92.05
2015-12-10,"FACEBOOK CLASS A","PRICE",94.26
2015-12-11,"FACEBOOK CLASS A","PRICE",108.02
2015-12-12,"FACEBOOK CLASS A","PRICE",102.12
2016-12-01,"FACEBOOK CLASS A","PRICE",99.37
2016-12-02,"FACEBOOK CLASS A","PRICE",102.01
2016-12-03,"FACEBOOK CLASS A","PRICE",109.41
2016-12-04,"FACEBOOK CLASS A","PRICE",110.61
2016-12-05,"FACEBOOK CLASS A","PRICE",120.28
2016-12-06,"FACEBOOK CLASS A","PRICE",116.62
2016-12-07,"FACEBOOK CLASS A","PRICE",117.93
2016-12-08,"FACEBOOK CLASS A","PRICE",124.88
2016-12-09,"FACEBOOK CLASS A","PRICE",128.69
2016-12-10,"FACEBOOK CLASS A","PRICE",129.05
2012-12-10,"FACEBOOK CLASS A","MARKET VALUE",13167
2012-12-11,"FACEBOOK CLASS A","MARKET VALUE",22066.37
2012-12-12,"FACEBOOK CLASS A","MARKET VALUE",30323.5
2013-12-01,"FACEBOOK CLASS A","MARKET VALUE",34875.2
2013-12-02,"FACEBOOK CLASS A","MARKET VALUE",46096.09
2013-12-03,"FACEBOOK CLASS A","MARKET VALUE",46870.81
2013-12-04,"FACEBOOK CLASS A","MARKET VALUE",46146.64
2013-12-05,"FACEBOOK CLASS A","MARKET VALUE",46679.86
2013-12-06,"FACEBOOK CLASS A","MARKET VALUE",41588.49
2013-12-07,"FACEBOOK CLASS A","MARKET VALUE",45332.64
2013-12-08,"FACEBOOK CLASS A","MARKET VALUE",69465.31
2013-12-09,"FACEBOOK CLASS A","MARKET VALUE",81333.75
2013-12-10,"FACEBOOK CLASS A","MARKET VALUE",89258.06
2013-12-11,"FACEBOOK CLASS A","MARKET VALUE",87339.94
2013-12-12,"FACEBOOK CLASS A","MARKET VALUE",97131.81
2014-12-01,"FACEBOOK CLASS A","MARKET VALUE",112265.9
2014-12-02,"FACEBOOK CLASS A","MARKET VALUE",127335.3
2014-12-03,"FACEBOOK CLASS A","MARKET VALUE",140038.9
2014-12-04,"FACEBOOK CLASS A","MARKET VALUE",116538.4
2014-12-05,"FACEBOOK CLASS A","MARKET VALUE",119284.7
2014-12-06,"FACEBOOK CLASS A","MARKET VALUE",128176.9
2014-12-07,"FACEBOOK CLASS A","MARKET VALUE",132263.9
2014-12-08,"FACEBOOK CLASS A","MARKET VALUE",146755.9
2014-12-09,"FACEBOOK CLASS A","MARKET VALUE",156125.9
2014-12-10,"FACEBOOK CLASS A","MARKET VALUE",162000.8
2014-12-11,"FACEBOOK CLASS A","MARKET VALUE",166172.4
2014-12-12,"FACEBOOK CLASS A","MARKET VALUE",173088.9
2015-12-01,"FACEBOOK CLASS A","MARKET VALUE",170620.3
2015-12-02,"FACEBOOK CLASS A","MARKET VALUE",170475.6
2015-12-03,"FACEBOOK CLASS A","MARKET VALUE",176513.7
2015-12-04,"FACEBOOK CLASS A","MARKET VALUE",183468.7
2015-12-05,"FACEBOOK CLASS A","MARKET VALUE",174199.4
2015-12-06,"FACEBOOK CLASS A","MARKET VALUE",183352.4
2015-12-07,"FACEBOOK CLASS A","MARKET VALUE",197790.4
2015-12-08,"FACEBOOK CLASS A","MARKET VALUE",212844.5
2015-12-09,"FACEBOOK CLASS A","MARKET VALUE",208008.6
2015-12-10,"FACEBOOK CLASS A","MARKET VALUE",213002.7
2015-12-11,"FACEBOOK CLASS A","MARKET VALUE",244096.6
2015-12-12,"FACEBOOK CLASS A","MARKET VALUE",230764.2
2016-12-01,"FACEBOOK CLASS A","MARKET VALUE",224549.9
2016-12-02,"FACEBOOK CLASS A","MARKET VALUE",234106.6
2016-12-03,"FACEBOOK CLASS A","MARKET VALUE",251089.3
2016-12-04,"FACEBOOK CLASS A","MARKET VALUE",253843.1
2016-12-05,"FACEBOOK CLASS A","MARKET VALUE",278079.4
2016-12-06,"FACEBOOK CLASS A","MARKET VALUE",269617.8
2016-12-07,"FACEBOOK CLASS A","MARKET VALUE",272646.4
2016-12-08,"FACEBOOK CLASS A","MARKET VALUE",290091.1
2016-12-09,"FACEBOOK CLASS A","MARKET VALUE",298941.6
2016-12-10,"FACEBOOK CLASS A","MARKET VALUE",299777.8
2012-12-10,"FACEBOOK CLASS A","DIVIDEND YIELD",0
2012-12-11,"FACEBOOK CLASS A","DIVIDEND YIELD",0
2012-12-12,"FACEBOOK CLASS A","DIVIDEND YIELD",0
2013-12-01,"FACEBOOK CLASS A","DIVIDEND YIELD",0
2013-12-02,"FACEBOOK CLASS A","DIVIDEND YIELD",0
2013-12-03,"FACEBOOK CLASS A","DIVIDEND YIELD",0
2013-12-04,"FACEBOOK CLASS A","DIVIDEND YIELD",0
2013-12-05,"FACEBOOK CLASS A","DIVIDEND YIELD",0
2013-12-06,"FACEBOOK CLASS A","DIVIDEND YIELD",0
2013-12-07,"FACEBOOK CLASS A","DIVIDEND YIELD",0
2013-12-08,"FACEBOOK CLASS A","DIVIDEND YIELD",0
2013-12-09,"FACEBOOK CLASS A","DIVIDEND YIELD",0
2013-12-10,"FACEBOOK CLASS A","DIVIDEND YIELD",0
2013-12-11,"FACEBOOK CLASS A","DIVIDEND YIELD",0
2013-12-12,"FACEBOOK CLASS A","DIVIDEND YIELD",0
2014-12-01,"FACEBOOK CLASS A","DIVIDEND YIELD",0
2014-12-02,"FACEBOOK CLASS A","DIVIDEND YIELD",0
2014-12-03,"FACEBOOK CLASS A","DIVIDEND YIELD",0
2014-12-04,"FACEBOOK CLASS A","DIVIDEND YIELD",0
2014-12-05,"FACEBOOK CLASS A","DIVIDEND YIELD",0
2014-12-06,"FACEBOOK CLASS A","DIVIDEND YIELD",0
2014-12-07,"FACEBOOK CLASS A","DIVIDEND YIELD",0
2014-12-08,"FACEBOOK CLASS A","DIVIDEND YIELD",0
2014-12-09,"FACEBOOK CLASS A","DIVIDEND YIELD",0
2014-12-10,"FACEBOOK CLASS A","DIVIDEND YIELD",0
2014-12-11,"FACEBOOK CLASS A","DIVIDEND YIELD",0
2014-12-12,"FACEBOOK CLASS A","DIVIDEND YIELD",0
2015-12-01,"FACEBOOK CLASS A","DIVIDEND YIELD",0
2015-12-02,"FACEBOOK CLASS A","DIVIDEND YIELD",0
2015-12-03,"FACEBOOK CLASS A","DIVIDEND YIELD",0
2015-12-04,"FACEBOOK CLASS A","DIVIDEND YIELD",0
2015-12-05,"FACEBOOK CLASS A","DIVIDEND YIELD",0
2015-12-06,"FACEBOOK CLASS A","DIVIDEND YIELD",0
2015-12-07,"FACEBOOK CLASS A","DIVIDEND YIELD",0
2015-12-08,"FACEBOOK CLASS A","DIVIDEND YIELD",0
2015-12-09,"FACEBOOK CLASS A","DIVIDEND YIELD",0
2015-12-10,"FACEBOOK CLASS A","DIVIDEND YIELD",0
2015-12-11,"FACEBOOK CLASS A","DIVIDEND YIELD",0
2015-12-12,"FACEBOOK CLASS A","DIVIDEND YIELD",0
2016-12-01,"FACEBOOK CLASS A","DIVIDEND YIELD",0
2016-12-02,"FACEBOOK CLASS A","DIVIDEND YIELD",0
2016-12-03,"FACEBOOK CLASS A","DIVIDEND YIELD",0
2016-12-04,"FACEBOOK CLASS A","DIVIDEND YIELD",0
2016-12-05,"FACEBOOK CLASS A","DIVIDEND YIELD",0
2016-12-06,"FACEBOOK CLASS A","DIVIDEND YIELD",0
2016-12-07,"FACEBOOK CLASS A","DIVIDEND YIELD",0
2016-12-08,"FACEBOOK CLASS A","DIVIDEND YIELD",0
2016-12-09,"FACEBOOK CLASS A","DIVIDEND YIELD",0
2016-12-10,"FACEBOOK CLASS A","DIVIDEND YIELD",0
2012-12-10,"APPLE","MARKET VALUE",590297.4
2012-12-11,"APPLE","MARKET VALUE",510635.6
2012-12-12,"APPLE","MARKET VALUE",507032.9
2013-12-01,"APPLE","MARKET VALUE",488591.6
2013-12-02,"APPLE","MARKET VALUE",439385.1
2013-12-03,"APPLE","MARKET VALUE",402320.5
2013-12-04,"APPLE","MARKET VALUE",403431.1
2013-12-05,"APPLE","MARKET VALUE",425179.8
2013-12-06,"APPLE","MARKET VALUE",405674.6
2013-12-07,"APPLE","MARKET VALUE",387482.8
2013-12-08,"APPLE","MARKET VALUE",424595
2013-12-09,"APPLE","MARKET VALUE",429437.3
2013-12-10,"APPLE","MARKET VALUE",447717.9
2013-12-11,"APPLE","MARKET VALUE",467872.4
2013-12-12,"APPLE","MARKET VALUE",504338.9
2014-12-01,"APPLE","MARKET VALUE",475376.5
2014-12-02,"APPLE","MARKET VALUE",478034.6
2014-12-03,"APPLE","MARKET VALUE",478650
2014-12-04,"APPLE","MARKET VALUE",447582
2014-12-05,"APPLE","MARKET VALUE",510652.3
2014-12-06,"APPLE","MARKET VALUE",556478.4
2014-12-07,"APPLE","MARKET VALUE",570164.4
2014-12-08,"APPLE","MARKET VALUE",574655.3
2014-12-09,"APPLE","MARKET VALUE",608726.3
2014-12-10,"APPLE","MARKET VALUE",590765.3
2014-12-11,"APPLE","MARKET VALUE",652463.4
2014-12-12,"APPLE","MARKET VALUE",643548.8
2015-12-01,"APPLE","MARKET VALUE",636353.6
2015-12-02,"APPLE","MARKET VALUE",736597.1
2015-12-03,"APPLE","MARKET VALUE",724889.8
2015-12-04,"APPLE","MARKET VALUE",732226.5
2015-12-05,"APPLE","MARKET VALUE",725111.9
2015-12-06,"APPLE","MARKET VALUE",732629.6
2015-12-07,"APPLE","MARKET VALUE",703031.5
2015-12-08,"APPLE","MARKET VALUE",657181.4
2015-12-09,"APPLE","MARKET VALUE",651307.6
2015-12-10,"APPLE","MARKET VALUE",622206.8
2015-12-11,"APPLE","MARKET VALUE",645177.1
2015-12-12,"APPLE","MARKET VALUE",631015.7
2016-12-01,"APPLE","MARKET VALUE",554236.3
2016-12-02,"APPLE","MARKET VALUE",521135.1
2016-12-03,"APPLE","MARKET VALUE",566988.8
2016-12-04,"APPLE","MARKET VALUE",604926.8
2016-12-05,"APPLE","MARKET VALUE",494830.5
2016-12-06,"APPLE","MARKET VALUE",541333.8
2016-12-07,"APPLE","MARKET VALUE",533610.6
2016-12-08,"APPLE","MARKET VALUE",582921.5
2016-12-09,"APPLE","MARKET VALUE",568157.3
2016-12-10,"APPLE","MARKET VALUE",632279.7
2012-12-10,"FACEBOOK CLASS A","PER",130.1
2012-12-11,"FACEBOOK CLASS A","PER",NA
2012-12-12,"FACEBOOK CLASS A","PER",NA
2013-12-01,"FACEBOOK CLASS A","PER",NA
2013-12-02,"FACEBOOK CLASS A","PER",2737
2013-12-03,"FACEBOOK CLASS A","PER",2783
2013-12-04,"FACEBOOK CLASS A","PER",2740
2013-12-05,"FACEBOOK CLASS A","PER",2668
2013-12-06,"FACEBOOK CLASS A","PER",1188.5
2013-12-07,"FACEBOOK CLASS A","PER",1295.5
2013-12-08,"FACEBOOK CLASS A","PER",182
2013-12-09,"FACEBOOK CLASS A","PER",213.1
2013-12-10,"FACEBOOK CLASS A","PER",233.9
2013-12-11,"FACEBOOK CLASS A","PER",111
2013-12-12,"FACEBOOK CLASS A","PER",123.4
2014-12-01,"FACEBOOK CLASS A","PER",138
2014-12-02,"FACEBOOK CLASS A","PER",108.3
2014-12-03,"FACEBOOK CLASS A","PER",119.1
2014-12-04,"FACEBOOK CLASS A","PER",98.4
2014-12-05,"FACEBOOK CLASS A","PER",100.6
2014-12-06,"FACEBOOK CLASS A","PER",108.1
2014-12-07,"FACEBOOK CLASS A","PER",111.5
2014-12-08,"FACEBOOK CLASS A","PER",79.2
2014-12-09,"FACEBOOK CLASS A","PER",84.3
2014-12-10,"FACEBOOK CLASS A","PER",79.3
2014-12-11,"FACEBOOK CLASS A","PER",70.8
2014-12-12,"FACEBOOK CLASS A","PER",73.8
2015-12-01,"FACEBOOK CLASS A","PER",72.7
2015-12-02,"FACEBOOK CLASS A","PER",69.1
2015-12-03,"FACEBOOK CLASS A","PER",71.6
2015-12-04,"FACEBOOK CLASS A","PER",74.4
2015-12-05,"FACEBOOK CLASS A","PER",74.6
2015-12-06,"FACEBOOK CLASS A","PER",78.5
2015-12-07,"FACEBOOK CLASS A","PER",84.7
2015-12-08,"FACEBOOK CLASS A","PER",95.2
2015-12-09,"FACEBOOK CLASS A","PER",93.1
2015-12-10,"FACEBOOK CLASS A","PER",95.3
2015-12-11,"FACEBOOK CLASS A","PER",108.5
2015-12-12,"FACEBOOK CLASS A","PER",102.5
2016-12-01,"FACEBOOK CLASS A","PER",99.8
2016-12-02,"FACEBOOK CLASS A","PER",79
2016-12-03,"FACEBOOK CLASS A","PER",84.7
2016-12-04,"FACEBOOK CLASS A","PER",85.6
2016-12-05,"FACEBOOK CLASS A","PER",73.7
2016-12-06,"FACEBOOK CLASS A","PER",71.5
2016-12-07,"FACEBOOK CLASS A","PER",72.3
2016-12-08,"FACEBOOK CLASS A","PER",59.8
2016-12-09,"FACEBOOK CLASS A","PER",61.6
2016-12-10,"FACEBOOK CLASS A","PER",61.7
2012-12-10,"FACEBOOK CLASS A","PRICE INDEX",51.1
2012-12-11,"FACEBOOK CLASS A","PRICE INDEX",52.5
2012-12-12,"FACEBOOK CLASS A","PRICE INDEX",72.1
2013-12-01,"FACEBOOK CLASS A","PRICE INDEX",83
2013-12-02,"FACEBOOK CLASS A","PRICE INDEX",71.6
2013-12-03,"FACEBOOK CLASS A","PRICE INDEX",72.8
2013-12-04,"FACEBOOK CLASS A","PRICE INDEX",71.7
2013-12-05,"FACEBOOK CLASS A","PRICE INDEX",69.8
2013-12-06,"FACEBOOK CLASS A","PRICE INDEX",62.2
2013-12-07,"FACEBOOK CLASS A","PRICE INDEX",67.8
2013-12-08,"FACEBOOK CLASS A","PRICE INDEX",100
2013-12-09,"FACEBOOK CLASS A","PRICE INDEX",117
2013-12-10,"FACEBOOK CLASS A","PRICE INDEX",128.5
2013-12-11,"FACEBOOK CLASS A","PRICE INDEX",121.9
2013-12-12,"FACEBOOK CLASS A","PRICE INDEX",135.6
2014-12-01,"FACEBOOK CLASS A","PRICE INDEX",151.5
2014-12-02,"FACEBOOK CLASS A","PRICE INDEX",168.6
2014-12-03,"FACEBOOK CLASS A","PRICE INDEX",185.4
2014-12-04,"FACEBOOK CLASS A","PRICE INDEX",153.1
2014-12-05,"FACEBOOK CLASS A","PRICE INDEX",156.5
2014-12-06,"FACEBOOK CLASS A","PRICE INDEX",168.2
2014-12-07,"FACEBOOK CLASS A","PRICE INDEX",173.5
2014-12-08,"FACEBOOK CLASS A","PRICE INDEX",190.5
2014-12-09,"FACEBOOK CLASS A","PRICE INDEX",202.7
2014-12-10,"FACEBOOK CLASS A","PRICE INDEX",190.7
2014-12-11,"FACEBOOK CLASS A","PRICE INDEX",195.4
2014-12-12,"FACEBOOK CLASS A","PRICE INDEX",203.6
2015-12-01,"FACEBOOK CLASS A","PRICE INDEX",200.7
2015-12-02,"FACEBOOK CLASS A","PRICE INDEX",199.4
2015-12-03,"FACEBOOK CLASS A","PRICE INDEX",206.5
2015-12-04,"FACEBOOK CLASS A","PRICE INDEX",214.6
2015-12-05,"FACEBOOK CLASS A","PRICE INDEX",202.6
2015-12-06,"FACEBOOK CLASS A","PRICE INDEX",213.3
2015-12-07,"FACEBOOK CLASS A","PRICE INDEX",230
2015-12-08,"FACEBOOK CLASS A","PRICE INDEX",246.4
2015-12-09,"FACEBOOK CLASS A","PRICE INDEX",240.8
2015-12-10,"FACEBOOK CLASS A","PRICE INDEX",246.5
2015-12-11,"FACEBOOK CLASS A","PRICE INDEX",282.5
2015-12-12,"FACEBOOK CLASS A","PRICE INDEX",267.1
2016-12-01,"FACEBOOK CLASS A","PRICE INDEX",259.9
2016-12-02,"FACEBOOK CLASS A","PRICE INDEX",266.8
2016-12-03,"FACEBOOK CLASS A","PRICE INDEX",286.2
2016-12-04,"FACEBOOK CLASS A","PRICE INDEX",289.3
2016-12-05,"FACEBOOK CLASS A","PRICE INDEX",314.6
2016-12-06,"FACEBOOK CLASS A","PRICE INDEX",305
2016-12-07,"FACEBOOK CLASS A","PRICE INDEX",308.5
2016-12-08,"FACEBOOK CLASS A","PRICE INDEX",326.6
2016-12-09,"FACEBOOK CLASS A","PRICE INDEX",336.6
2016-12-10,"FACEBOOK CLASS A","PRICE INDEX",337.5
2012-12-10,"APPLE","DIVIDEND YIELD",1.68
2012-12-11,"APPLE","DIVIDEND YIELD",1.95
2012-12-12,"APPLE","DIVIDEND YIELD",1.97
2013-12-01,"APPLE","DIVIDEND YIELD",2.04
2013-12-02,"APPLE","DIVIDEND YIELD",2.27
2013-12-03,"APPLE","DIVIDEND YIELD",2.47
2013-12-04,"APPLE","DIVIDEND YIELD",2.47
2013-12-05,"APPLE","DIVIDEND YIELD",2.69
2013-12-06,"APPLE","DIVIDEND YIELD",2.82
2013-12-07,"APPLE","DIVIDEND YIELD",2.86
2013-12-08,"APPLE","DIVIDEND YIELD",2.61
2013-12-09,"APPLE","DIVIDEND YIELD",2.58
2013-12-10,"APPLE","DIVIDEND YIELD",2.48
2013-12-11,"APPLE","DIVIDEND YIELD",2.35
2013-12-12,"APPLE","DIVIDEND YIELD",2.18
2014-12-01,"APPLE","DIVIDEND YIELD",2.29
2014-12-02,"APPLE","DIVIDEND YIELD",2.28
2014-12-03,"APPLE","DIVIDEND YIELD",2.27
2014-12-04,"APPLE","DIVIDEND YIELD",2.35
2014-12-05,"APPLE","DIVIDEND YIELD",2.22
2014-12-06,"APPLE","DIVIDEND YIELD",2.04
2014-12-07,"APPLE","DIVIDEND YIELD",1.97
2014-12-08,"APPLE","DIVIDEND YIELD",1.96
2014-12-09,"APPLE","DIVIDEND YIELD",1.85
2014-12-10,"APPLE","DIVIDEND YIELD",1.87
2014-12-11,"APPLE","DIVIDEND YIELD",1.69
2014-12-12,"APPLE","DIVIDEND YIELD",1.71
2015-12-01,"APPLE","DIVIDEND YIELD",1.72
2015-12-02,"APPLE","DIVIDEND YIELD",1.49
2015-12-03,"APPLE","DIVIDEND YIELD",1.51
2015-12-04,"APPLE","DIVIDEND YIELD",1.48
2015-12-05,"APPLE","DIVIDEND YIELD",1.65
2015-12-06,"APPLE","DIVIDEND YIELD",1.64
2015-12-07,"APPLE","DIVIDEND YIELD",1.69
2015-12-08,"APPLE","DIVIDEND YIELD",1.8
2015-12-09,"APPLE","DIVIDEND YIELD",1.82
2015-12-10,"APPLE","DIVIDEND YIELD",1.86
2015-12-11,"APPLE","DIVIDEND YIELD",1.8
2015-12-12,"APPLE","DIVIDEND YIELD",1.84
2016-12-01,"APPLE","DIVIDEND YIELD",2.08
2016-12-02,"APPLE","DIVIDEND YIELD",2.21
2016-12-03,"APPLE","DIVIDEND YIELD",2.03
2016-12-04,"APPLE","DIVIDEND YIELD",1.88
2016-12-05,"APPLE","DIVIDEND YIELD",2.52
2016-12-06,"APPLE","DIVIDEND YIELD",2.31
2016-12-07,"APPLE","DIVIDEND YIELD",2.34
2016-12-08,"APPLE","DIVIDEND YIELD",2.11
2016-12-09,"APPLE","DIVIDEND YIELD",2.16
2016-12-10,"APPLE","DIVIDEND YIELD",1.94
2012-12-10,"APPLE","PER",14.8
2012-12-11,"APPLE","PER",12.3
2012-12-12,"APPLE","PER",12.2
2013-12-01,"APPLE","PER",11.8
2013-12-02,"APPLE","PER",10.6
2013-12-03,"APPLE","PER",9.7
2013-12-04,"APPLE","PER",9.7
2013-12-05,"APPLE","PER",10.8
2013-12-06,"APPLE","PER",10.3
2013-12-07,"APPLE","PER",10.2
2013-12-08,"APPLE","PER",11.7
2013-12-09,"APPLE","PER",11.8
2013-12-10,"APPLE","PER",12.3
2013-12-11,"APPLE","PER",13.1
2013-12-12,"APPLE","PER",14.1
2014-12-01,"APPLE","PER",13.4
2014-12-02,"APPLE","PER",13.3
2014-12-03,"APPLE","PER",13.3
2014-12-04,"APPLE","PER",12.9
2014-12-05,"APPLE","PER",14.1
2014-12-06,"APPLE","PER",15.4
2014-12-07,"APPLE","PER",15.9
2014-12-08,"APPLE","PER",15.5
2014-12-09,"APPLE","PER",16.4
2014-12-10,"APPLE","PER",16.2
2014-12-11,"APPLE","PER",17.2
2014-12-12,"APPLE","PER",17
2015-12-01,"APPLE","PER",16.9
2015-12-02,"APPLE","PER",17.1
2015-12-03,"APPLE","PER",16.9
2015-12-04,"APPLE","PER",17.2
2015-12-05,"APPLE","PER",15.5
2015-12-06,"APPLE","PER",15.7
2015-12-07,"APPLE","PER",15.2
2015-12-08,"APPLE","PER",13.3
2015-12-09,"APPLE","PER",13.2
2015-12-10,"APPLE","PER",12.9
2015-12-11,"APPLE","PER",12.6
2015-12-12,"APPLE","PER",12.3
2016-12-01,"APPLE","PER",10.8
2016-12-02,"APPLE","PER",10
2016-12-03,"APPLE","PER",10.8
2016-12-04,"APPLE","PER",11.7
2016-12-05,"APPLE","PER",10
2016-12-06,"APPLE","PER",11
2016-12-07,"APPLE","PER",10.8
2016-12-08,"APPLE","PER",12.6
2016-12-09,"APPLE","PER",12.3
2016-12-10,"APPLE","PER",13.7
2012-12-10,"APPLE","PRICE INDEX",17522.5
2012-12-11,"APPLE","PRICE INDEX",15104.8
2012-12-12,"APPLE","PRICE INDEX",14998.3
2013-12-01,"APPLE","PRICE INDEX",14477.9
2013-12-02,"APPLE","PRICE INDEX",13019.8
2013-12-03,"APPLE","PRICE INDEX",11921.5
2013-12-04,"APPLE","PRICE INDEX",11959.6
2013-12-05,"APPLE","PRICE INDEX",12604.4
2013-12-06,"APPLE","PRICE INDEX",12026.2
2013-12-07,"APPLE","PRICE INDEX",11868.1
2013-12-08,"APPLE","PRICE INDEX",13004.8
2013-12-09,"APPLE","PRICE INDEX",13153.1
2013-12-10,"APPLE","PRICE INDEX",13713
2013-12-11,"APPLE","PRICE INDEX",14469.8
2013-12-12,"APPLE","PRICE INDEX",15597.6
2014-12-01,"APPLE","PRICE INDEX",14829.6
2014-12-02,"APPLE","PRICE INDEX",14912.5
2014-12-03,"APPLE","PRICE INDEX",14931.7
2014-12-04,"APPLE","PRICE INDEX",14458.7
2014-12-05,"APPLE","PRICE INDEX",16496.1
2014-12-06,"APPLE","PRICE INDEX",17976.5
2014-12-07,"APPLE","PRICE INDEX",18547.2
2014-12-08,"APPLE","PRICE INDEX",18693.3
2014-12-09,"APPLE","PRICE INDEX",19801.6
2014-12-10,"APPLE","PRICE INDEX",19620.4
2014-12-11,"APPLE","PRICE INDEX",21669.6
2014-12-12,"APPLE","PRICE INDEX",21373.5
2015-12-01,"APPLE","PRICE INDEX",21280
2015-12-02,"APPLE","PRICE INDEX",24632.2
2015-12-03,"APPLE","PRICE INDEX",24240.7
2015-12-04,"APPLE","PRICE INDEX",24756.9
2015-12-05,"APPLE","PRICE INDEX",24516.3
2015-12-06,"APPLE","PRICE INDEX",24770.5
2015-12-07,"APPLE","PRICE INDEX",24012.8
2015-12-08,"APPLE","PRICE INDEX",22446.8
2015-12-09,"APPLE","PRICE INDEX",22246.1
2015-12-10,"APPLE","PRICE INDEX",21737.7
2015-12-11,"APPLE","PRICE INDEX",22540.2
2015-12-12,"APPLE","PRICE INDEX",22045.5
2016-12-01,"APPLE","PRICE INDEX",19470.5
2016-12-02,"APPLE","PRICE INDEX",18307.6
2016-12-03,"APPLE","PRICE INDEX",19918.5
2016-12-04,"APPLE","PRICE INDEX",21511.8
2016-12-05,"APPLE","PRICE INDEX",17596.7
2016-12-06,"APPLE","PRICE INDEX",19250.4
2016-12-07,"APPLE","PRICE INDEX",18975.7
2016-12-08,"APPLE","PRICE INDEX",21071.6
2016-12-09,"APPLE","PRICE INDEX",20537.9
2016-12-10,"APPLE","PRICE INDEX",22855.8
2012-12-10,"MICROSOFT","PRICE",29.2
2012-12-11,"MICROSOFT","PRICE",28.22
2012-12-12,"MICROSOFT","PRICE",27.24
2013-12-01,"MICROSOFT","PRICE",26.83
2013-12-02,"MICROSOFT","PRICE",27.88
2013-12-03,"MICROSOFT","PRICE",27.91
2013-12-04,"MICROSOFT","PRICE",28.79
2013-12-05,"MICROSOFT","PRICE",32.69
2013-12-06,"MICROSOFT","PRICE",35
2013-12-07,"MICROSOFT","PRICE",35.67
2013-12-08,"MICROSOFT","PRICE",32.87
2013-12-09,"MICROSOFT","PRICE",32.69
2013-12-10,"MICROSOFT","PRICE",34.13
2013-12-11,"MICROSOFT","PRICE",37.36
2013-12-12,"MICROSOFT","PRICE",37.22
2014-12-01,"MICROSOFT","PRICE",36.04
2014-12-02,"MICROSOFT","PRICE",37.47
2014-12-03,"MICROSOFT","PRICE",38.27
2014-12-04,"MICROSOFT","PRICE",39.209
2014-12-05,"MICROSOFT","PRICE",39.97
2014-12-06,"MICROSOFT","PRICE",40.58
2014-12-07,"MICROSOFT","PRICE",42.09
2014-12-08,"MICROSOFT","PRICE",43.52
2014-12-09,"MICROSOFT","PRICE",46.695
2014-12-10,"MICROSOFT","PRICE",44.03
2014-12-11,"MICROSOFT","PRICE",48.78
2014-12-12,"MICROSOFT","PRICE",46.95
2015-12-01,"MICROSOFT","PRICE",46.6
2015-12-02,"MICROSOFT","PRICE",43.09
2015-12-03,"MICROSOFT","PRICE",41.02
2015-12-04,"MICROSOFT","PRICE",41.72
2015-12-05,"MICROSOFT","PRICE",47.35
2015-12-06,"MICROSOFT","PRICE",45.97
2015-12-07,"MICROSOFT","PRICE",44.61
2015-12-08,"MICROSOFT","PRICE",46.74
2015-12-09,"MICROSOFT","PRICE",43.48
2015-12-10,"MICROSOFT","PRICE",47
2015-12-11,"MICROSOFT","PRICE",53.32
2015-12-12,"MICROSOFT","PRICE",54.06
2016-12-01,"MICROSOFT","PRICE",52.78
2016-12-02,"MICROSOFT","PRICE",50.5
2016-12-03,"MICROSOFT","PRICE",53.07
2016-12-04,"MICROSOFT","PRICE",54.65
2016-12-05,"MICROSOFT","PRICE",51.51
2016-12-06,"MICROSOFT","PRICE",51.48
2016-12-07,"MICROSOFT","PRICE",53.21
2016-12-08,"MICROSOFT","PRICE",57.94
2016-12-09,"MICROSOFT","PRICE",57.05
2016-12-10,"MICROSOFT","PRICE",57.11
2012-12-10,"MICROSOFT","MARKET VALUE",245922.3
2012-12-11,"MICROSOFT","MARKET VALUE",237512.4
2012-12-12,"MICROSOFT","MARKET VALUE",229264.3
2013-12-01,"MICROSOFT","MARKET VALUE",225813.5
2013-12-02,"MICROSOFT","MARKET VALUE",233529.5
2013-12-03,"MICROSOFT","MARKET VALUE",233780.8
2013-12-04,"MICROSOFT","MARKET VALUE",240428.2
2013-12-05,"MICROSOFT","MARKET VALUE",272997.4
2013-12-06,"MICROSOFT","MARKET VALUE",292288.6
2013-12-07,"MICROSOFT","MARKET VALUE",297059.7
2013-12-08,"MICROSOFT","MARKET VALUE",273805.6
2013-12-09,"MICROSOFT","MARKET VALUE",272306.1
2013-12-10,"MICROSOFT","MARKET VALUE",285352
2013-12-11,"MICROSOFT","MARKET VALUE",311879.9
2013-12-12,"MICROSOFT","MARKET VALUE",310711.2
2014-12-01,"MICROSOFT","MARKET VALUE",299131.8
2014-12-02,"MICROSOFT","MARKET VALUE",311000.7
2014-12-03,"MICROSOFT","MARKET VALUE",317640.7
2014-12-04,"MICROSOFT","MARKET VALUE",325434.5
2014-12-05,"MICROSOFT","MARKET VALUE",330168.4
2014-12-06,"MICROSOFT","MARKET VALUE",335207
2014-12-07,"MICROSOFT","MARKET VALUE",346779.4
2014-12-08,"MICROSOFT","MARKET VALUE",358561
2014-12-09,"MICROSOFT","MARKET VALUE",384719.8
2014-12-10,"MICROSOFT","MARKET VALUE",363468.6
2014-12-11,"MICROSOFT","MARKET VALUE",402086.1
2014-12-12,"MICROSOFT","MARKET VALUE",387001.7
2015-12-01,"MICROSOFT","MARKET VALUE",382958.8
2015-12-02,"MICROSOFT","MARKET VALUE",353500.9
2015-12-03,"MICROSOFT","MARKET VALUE",336519.2
2015-12-04,"MICROSOFT","MARKET VALUE",342261.8
2015-12-05,"MICROSOFT","MARKET VALUE",383041.1
2015-12-06,"MICROSOFT","MARKET VALUE",371877.4
2015-12-07,"MICROSOFT","MARKET VALUE",360875.6
2015-12-08,"MICROSOFT","MARKET VALUE",373825.6
2015-12-09,"MICROSOFT","MARKET VALUE",347752.1
2015-12-10,"MICROSOFT","MARKET VALUE",375373.3
2015-12-11,"MICROSOFT","MARKET VALUE",425915.4
2015-12-12,"MICROSOFT","MARKET VALUE",431826.4
2016-12-01,"MICROSOFT","MARKET VALUE",421601.9
2016-12-02,"MICROSOFT","MARKET VALUE",399419.7
2016-12-03,"MICROSOFT","MARKET VALUE",419746.7
2016-12-04,"MICROSOFT","MARKET VALUE",432243.3
2016-12-05,"MICROSOFT","MARKET VALUE",404892.4
2016-12-06,"MICROSOFT","MARKET VALUE",404656.6
2016-12-07,"MICROSOFT","MARKET VALUE",418255.3
2016-12-08,"MICROSOFT","MARKET VALUE",451498.3
2016-12-09,"MICROSOFT","MARKET VALUE",444562.9
2016-12-10,"MICROSOFT","MARKET VALUE",445030.4
2012-12-10,"MICROSOFT","DIVIDEND YIELD",3.15
2012-12-11,"MICROSOFT","DIVIDEND YIELD",3.26
2012-12-12,"MICROSOFT","DIVIDEND YIELD",3.38
2013-12-01,"MICROSOFT","DIVIDEND YIELD",3.43
2013-12-02,"MICROSOFT","DIVIDEND YIELD",3.3
2013-12-03,"MICROSOFT","DIVIDEND YIELD",3.3
2013-12-04,"MICROSOFT","DIVIDEND YIELD",3.2
2013-12-05,"MICROSOFT","DIVIDEND YIELD",2.81
2013-12-06,"MICROSOFT","DIVIDEND YIELD",2.63
2013-12-07,"MICROSOFT","DIVIDEND YIELD",2.58
2013-12-08,"MICROSOFT","DIVIDEND YIELD",2.8
2013-12-09,"MICROSOFT","DIVIDEND YIELD",2.81
2013-12-10,"MICROSOFT","DIVIDEND YIELD",3.28
2013-12-11,"MICROSOFT","DIVIDEND YIELD",3
2013-12-12,"MICROSOFT","DIVIDEND YIELD",3.01
2014-12-01,"MICROSOFT","DIVIDEND YIELD",3.11
2014-12-02,"MICROSOFT","DIVIDEND YIELD",2.99
2014-12-03,"MICROSOFT","DIVIDEND YIELD",2.93
2014-12-04,"MICROSOFT","DIVIDEND YIELD",2.86
2014-12-05,"MICROSOFT","DIVIDEND YIELD",2.8
2014-12-06,"MICROSOFT","DIVIDEND YIELD",2.76
2014-12-07,"MICROSOFT","DIVIDEND YIELD",2.66
2014-12-08,"MICROSOFT","DIVIDEND YIELD",2.57
2014-12-09,"MICROSOFT","DIVIDEND YIELD",2.4
2014-12-10,"MICROSOFT","DIVIDEND YIELD",2.82
2014-12-11,"MICROSOFT","DIVIDEND YIELD",2.54
2014-12-12,"MICROSOFT","DIVIDEND YIELD",2.64
2015-12-01,"MICROSOFT","DIVIDEND YIELD",2.66
2015-12-02,"MICROSOFT","DIVIDEND YIELD",2.88
2015-12-03,"MICROSOFT","DIVIDEND YIELD",3.02
2015-12-04,"MICROSOFT","DIVIDEND YIELD",2.97
2015-12-05,"MICROSOFT","DIVIDEND YIELD",2.62
2015-12-06,"MICROSOFT","DIVIDEND YIELD",2.7
2015-12-07,"MICROSOFT","DIVIDEND YIELD",2.78
2015-12-08,"MICROSOFT","DIVIDEND YIELD",2.65
2015-12-09,"MICROSOFT","DIVIDEND YIELD",2.85
2015-12-10,"MICROSOFT","DIVIDEND YIELD",3.06
2015-12-11,"MICROSOFT","DIVIDEND YIELD",2.7
2015-12-12,"MICROSOFT","DIVIDEND YIELD",2.66
2016-12-01,"MICROSOFT","DIVIDEND YIELD",2.73
2016-12-02,"MICROSOFT","DIVIDEND YIELD",2.85
2016-12-03,"MICROSOFT","DIVIDEND YIELD",2.71
2016-12-04,"MICROSOFT","DIVIDEND YIELD",2.63
2016-12-05,"MICROSOFT","DIVIDEND YIELD",2.8
2016-12-06,"MICROSOFT","DIVIDEND YIELD",2.8
2016-12-07,"MICROSOFT","DIVIDEND YIELD",2.71
2016-12-08,"MICROSOFT","DIVIDEND YIELD",2.49
2016-12-09,"MICROSOFT","DIVIDEND YIELD",2.52
2016-12-10,"MICROSOFT","DIVIDEND YIELD",2.73
